youtube_url,playlist,niche,sub_niche
https://www.youtube.com/watch?v=zjiGMbCYDmw,Ramadhan 1441,Religion,Dakwah
https://www.youtube.com/watch?v=ZMSXPfAIJ5w,Ramadhan 1441,Religion,Dakwah
https://www.youtube.com/watch?v=mtK2FnF9TrA,Ramadhan 1441,Religion,Dakwah
https://www.youtube.com/watch?v=dF0YTr8tlfI,Ramadhan 1441,Uncategorized,General
https://www.youtube.com/watch?v=9hCAvVEaPGw,Ramadhan 1441,Uncategorized,General
https://www.youtube.com/watch?v=F0GjieN_C3U,Ramadhan 1441,Religion,Dakwah
https://www.youtube.com/watch?v=B4pP1inhwYM,Ramadhan 1441,Religion,Dakwah
https://www.youtube.com/watch?v=xkgUK0iWpmc,Ramadhan 1441,Religion,Dakwah
https://www.youtube.com/watch?v=UeCUocZMp1Q,Ramadhan 1441,Religion,Dakwah
https://www.youtube.com/watch?v=-6a2XoukLrU,Ramadhan 1441,Religion,Dakwah
https://www.youtube.com/watch?v=QxQEJzTUKIM,Ramadhan 1441,Religion,Dakwah
https://www.youtube.com/watch?v=wh3pfaXwpIE,Ramadhan 1441,Religion,Dakwah
https://www.youtube.com/watch?v=GCRJjsbCtH8,Ramadhan 1441,Religion,Dakwah
https://www.youtube.com/watch?v=PjgXDvFpsWs,Ramadhan 1441,Religion,Dakwah
https://www.youtube.com/watch?v=pPltief8zB0,Ramadhan 1441,Religion,Dakwah
https://www.youtube.com/watch?v=i-iRC030cYo,Ramadhan 1441,Religion,Dakwah
https://www.youtube.com/watch?v=DXnX4HNVjtM,Ramadhan 1441,Religion,Dakwah
https://www.youtube.com/watch?v=bvukIVQfmkE,Ramadhan 1441,Uncategorized,General
https://www.youtube.com/watch?v=U1XN9W6vVgg,Ramadhan 1441,Religion,Dakwah
https://www.youtube.com/watch?v=4u34z6k2AiU,Ramadhan 1441,Religion,Dakwah
https://www.youtube.com/watch?v=wo2EAFW65AU,Ramadhan 1441,Religion,Dakwah
https://www.youtube.com/watch?v=n9CYERlXM9s,Ramadhan 1441,Religion,Dakwah
https://www.youtube.com/watch?v=yW0fYKEQKXg,Ramadhan 1441,Uncategorized,General
https://www.youtube.com/watch?v=arbuuTUXgdU,Ramadhan 1441,Religion,Dakwah
https://www.youtube.com/watch?v=jbsMUY2dVkQ,Ramadhan 1441,Religion,Dakwah
https://www.youtube.com/watch?v=9SD1gt-O8Qg,Ramadhan 1441,Religion,Dakwah
https://www.youtube.com/watch?v=1M2l8gDj4nU,Ramadhan 1441,Religion,Dakwah
https://www.youtube.com/watch?v=JF9WsjlEsd0,Ramadhan 1441,Religion,Dakwah
https://www.youtube.com/watch?v=Y8yigNQ6zOE,Ramadhan 1441,Self Improvement,Confidence
https://www.youtube.com/watch?v=0b4SBGeXRCE,Ramadhan 1441,Religion,Dakwah
https://www.youtube.com/watch?v=VRtTC3t5Llk,Ramadhan 1441,Religion,Dakwah
https://www.youtube.com/watch?v=RiqKUXPptL8,Ramadhan 1441,Religion,Dakwah
https://www.youtube.com/watch?v=LPyqJUnYIgA,Ramadhan 1441,Religion,Dakwah
https://www.youtube.com/watch?v=eqBtQfWY39c,Ramadhan 1441,Religion,Dakwah
https://www.youtube.com/watch?v=zQAo03Ekw60,Ramadhan 1441,Religion,Dakwah
https://www.youtube.com/watch?v=yvNMif7PM0c,Ramadhan 1441,Religion,Dakwah
https://www.youtube.com/watch?v=WKCBjYQ7Gmk,Ramadhan 1441,Religion,Dakwah
https://www.youtube.com/watch?v=tBssz8EqVKA,Ramadhan 1441,Religion,Dakwah
https://www.youtube.com/watch?v=Rt7x0o8_nc4,Ramadhan 1441,Religion,Dakwah
https://www.youtube.com/watch?v=nHR69ffveAY,Ramadhan 1441,Religion,Dakwah
https://www.youtube.com/watch?v=PRPfLjlNtXw,Ramadhan 1441,Religion,Dakwah
https://www.youtube.com/watch?v=QraFIm_0450,Ramadhan 1441,Religion,Dakwah
https://www.youtube.com/watch?v=P8Kxq97EKrs,Ramadhan 1441,Finance,Saving
https://www.youtube.com/watch?v=4m3F3t7Ssh0,Ramadhan 1441,Religion,Dakwah
https://www.youtube.com/watch?v=qnSEvtuuUmg,Ramadhan 1441,Religion,Dakwah
https://www.youtube.com/watch?v=fFFWY92ygVg,Ramadhan 1441,Religion,Dakwah
https://www.youtube.com/watch?v=D5-qxE7pixY,Ramadhan 1441,Religion,Dakwah
https://www.youtube.com/watch?v=fWDew6Ye31Q,Ramadhan 1441,Religion,Dakwah
https://www.youtube.com/watch?v=iUTKTbWvJN4,Ramadhan 1441,Uncategorized,General
https://www.youtube.com/watch?v=sXg57IJKILw,Ramadhan 1441,Religion,Dakwah
https://www.youtube.com/watch?v=8v-RXYP6WTU,Ramadhan 1441,Religion,Dakwah
