playlist,youtube_url
Abah & Shofiyya,https://www.youtube.com/watch?v=PHfiIuWe7NE
,
Ada Story dibalik Ngopi,https://www.youtube.com/watch?v=h3Zu4zgnXks
Ada Story dibalik Ngopi,https://www.youtube.com/watch?v=VxQLIU6PTy8
Ada Story dibalik Ngopi,https://www.youtube.com/watch?v=U7h2JMgNpfo
Ada Story dibalik Ngopi,https://www.youtube.com/watch?v=T0e70oQjOJM
Ada Story dibalik Ngopi,https://www.youtube.com/watch?v=whTpkVl4v_Q
Ada Story dibalik Ngopi,https://www.youtube.com/watch?v=O5o3rFQNyqY
Ada Story dibalik Ngopi,https://www.youtube.com/watch?v=Jw6kE0KK5A0
,
Akhirnya Aku Tahu,https://www.youtube.com/watch?v=fYP0OUdpquE
Akhirnya Aku Tahu,https://www.youtube.com/watch?v=BlzVB8VyEeY
Akhirnya Aku Tahu,https://www.youtube.com/watch?v=QcGR6fOg9dM
Akhirnya Aku Tahu,https://www.youtube.com/watch?v=_jRnJh3njDg
Akhirnya Aku Tahu,https://www.youtube.com/watch?v=jxpu3fuNw6E
,
Awan Cinta,https://www.youtube.com/watch?v=B7L-PfeejLc
,
Baitul Maqdis,https://www.youtube.com/watch?v=ANIAd3qo0yY
Baitul Maqdis,https://www.youtube.com/watch?v=IVtOyu915k0
Baitul Maqdis,https://www.youtube.com/watch?v=vXM13mn_e7E
Baitul Maqdis,https://www.youtube.com/watch?v=ZzHACSf1G-8
,
Bincang Santai,https://www.youtube.com/watch?v=LlyVzpFwwO8
Bincang Santai,https://www.youtube.com/watch?v=3G0WOTnc-yI
Bincang Santai,https://www.youtube.com/watch?v=vaQACKS0krU
,
Creative Dakwah Squad,https://www.youtube.com/watch?v=XiDa3LfpQUo
,
Dolan Bareng,https://www.youtube.com/watch?v=hW2Ppjfik3o
Dolan Bareng,https://www.youtube.com/watch?v=90LvmaOyfX8
,
"Dr. Sagiran, Sp.S, M.Kes",https://www.youtube.com/watch?v=xNVJcxfQWto
"Dr. Sagiran, Sp.S, M.Kes",https://www.youtube.com/watch?v=HDKmrQqsoe0
,
Habib Muhammad bin Anies Sahab,https://www.youtube.com/watch?v=RpTajhc03oE
Habib Muhammad bin Anies Sahab,https://www.youtube.com/watch?v=1wMjzErL44g
Habib Muhammad bin Anies Sahab,https://www.youtube.com/watch?v=iiCe834b7cE
,
Ironi Bulan Suci,https://www.youtube.com/watch?v=yT4IGxyVe3g
Ironi Bulan Suci,https://www.youtube.com/watch?v=zmAxHR0jyco
Ironi Bulan Suci,https://www.youtube.com/watch?v=AkA9MmuKirY
Ironi Bulan Suci,https://www.youtube.com/watch?v=5Oe3g8sTW8o
Ironi Bulan Suci,https://www.youtube.com/watch?v=cJxv-UefVCo
Ironi Bulan Suci,https://www.youtube.com/watch?v=_QVk36pDBg4
Ironi Bulan Suci,https://www.youtube.com/watch?v=JjercFkWeMY
Ironi Bulan Suci,https://www.youtube.com/watch?v=zr7TsRdd0qc
Ironi Bulan Suci,https://www.youtube.com/watch?v=mudwLP1NXtg
Ironi Bulan Suci,https://www.youtube.com/watch?v=PhhUPud_ILc
Ironi Bulan Suci,https://www.youtube.com/watch?v=YVzSgZ2NhuQ
Ironi Bulan Suci,https://www.youtube.com/watch?v=vuYZnqqNYJ8
Ironi Bulan Suci,https://www.youtube.com/watch?v=ECrFQSXVcBg
Ironi Bulan Suci,https://www.youtube.com/watch?v=IuMFjUb4-lI
Ironi Bulan Suci,https://www.youtube.com/watch?v=SxrA4GVZRSo
Ironi Bulan Suci,https://www.youtube.com/watch?v=TU4HcgPcxMA
Ironi Bulan Suci,https://www.youtube.com/watch?v=sBDNaiD9_mo
Ironi Bulan Suci,https://www.youtube.com/watch?v=t9pViQ2ZdOs
Ironi Bulan Suci,https://www.youtube.com/watch?v=kGuob0ykrd4
Ironi Bulan Suci,https://www.youtube.com/watch?v=cy3-QAMNyrE
Ironi Bulan Suci,https://www.youtube.com/watch?v=SLaPW3QqJZY
Ironi Bulan Suci,https://www.youtube.com/watch?v=tnGz7nXqY5w
Ironi Bulan Suci,https://www.youtube.com/watch?v=E2Mak_7xSS4
Ironi Bulan Suci,https://www.youtube.com/watch?v=R8iPaSdhRT8
Ironi Bulan Suci,https://www.youtube.com/watch?v=UaCnByYELwo
Ironi Bulan Suci,https://www.youtube.com/watch?v=TFuzbc7sOKo
Ironi Bulan Suci,https://www.youtube.com/watch?v=RZkG4WpCX6M
Ironi Bulan Suci,https://www.youtube.com/watch?v=OwZyDMzSRWM
Ironi Bulan Suci,https://www.youtube.com/watch?v=qEGS5Tk5jrM
Ironi Bulan Suci,https://www.youtube.com/watch?v=f687yOnRmpo
,
Jomblo Fii Sabilillah,https://www.youtube.com/watch?v=K6qybTxk_P4
Jomblo Fii Sabilillah,https://www.youtube.com/watch?v=DhRXcNQzJzA
Jomblo Fii Sabilillah,https://www.youtube.com/watch?v=GfThQ0NQVSE
Jomblo Fii Sabilillah,https://www.youtube.com/watch?v=Tvkc0yLrIh4
Jomblo Fii Sabilillah,https://www.youtube.com/watch?v=39k8eZ1xIws
Jomblo Fii Sabilillah,https://www.youtube.com/watch?v=2F2r6Jeo9JQ
,
Kajian 1 Menit,https://www.youtube.com/watch?v=eoj7k2oJv9g
Kajian 1 Menit,https://www.youtube.com/watch?v=NsmgJJ0eAiA
Kajian 1 Menit,https://www.youtube.com/watch?v=YdOOuMafvMQ
Kajian 1 Menit,https://www.youtube.com/watch?v=60qEvYD9k3c
Kajian 1 Menit,https://www.youtube.com/watch?v=NPd-qaV3V4I
Kajian 1 Menit,https://www.youtube.com/watch?v=VnVGgZMwLy8
Kajian 1 Menit,https://www.youtube.com/watch?v=7aZWNXPOs-4
Kajian 1 Menit,https://www.youtube.com/watch?v=_98ILzNrh6E
Kajian 1 Menit,https://www.youtube.com/watch?v=ce5cxhx4iAY
Kajian 1 Menit,https://www.youtube.com/watch?v=1zPes2jpk5Q
Kajian 1 Menit,https://www.youtube.com/watch?v=QPc4Sn0uOu8
Kajian 1 Menit,https://www.youtube.com/watch?v=4ZPBLgIHiFM
Kajian 1 Menit,https://www.youtube.com/watch?v=jA5mPP5yR_s
Kajian 1 Menit,https://www.youtube.com/watch?v=bmXdTRC91Xo
Kajian 1 Menit,https://www.youtube.com/watch?v=E9aYSAd7m4M
Kajian 1 Menit,https://www.youtube.com/watch?v=_3-Kcyd63nU
Kajian 1 Menit,https://www.youtube.com/watch?v=TjbqlRHAWUA
Kajian 1 Menit,https://www.youtube.com/watch?v=ygiqN44mYXY
Kajian 1 Menit,https://www.youtube.com/watch?v=rFYlbJfCeIo
Kajian 1 Menit,https://www.youtube.com/watch?v=EogN9ZgbAtA
Kajian 1 Menit,https://www.youtube.com/watch?v=8UZYSrYfQy8
Kajian 1 Menit,https://www.youtube.com/watch?v=pBJqlXUQjSo
Kajian 1 Menit,https://www.youtube.com/watch?v=9jmXvIziJI0
Kajian 1 Menit,https://www.youtube.com/watch?v=H7CuyW1diis
Kajian 1 Menit,https://www.youtube.com/watch?v=amRuVfwAizw
Kajian 1 Menit,https://www.youtube.com/watch?v=fVAbJh1CmxI
Kajian 1 Menit,https://www.youtube.com/watch?v=1ZUn7gjc3Jk
Kajian 1 Menit,https://www.youtube.com/watch?v=-PcRcGn-n9w
Kajian 1 Menit,https://www.youtube.com/watch?v=xJbe-kiwR44
Kajian 1 Menit,https://www.youtube.com/watch?v=pu_TcAZEJ1s
Kajian 1 Menit,https://www.youtube.com/watch?v=-cFlxfaQWMk
Kajian 1 Menit,https://www.youtube.com/watch?v=mmbppbjj1pw
Kajian 1 Menit,https://www.youtube.com/watch?v=6_i4tJJHZFI
Kajian 1 Menit,https://www.youtube.com/watch?v=PUy0_n9ciOA
,
Kajian Rabu Malam,https://www.youtube.com/watch?v=7mQeDxaAIxU
Kajian Rabu Malam,https://www.youtube.com/watch?v=Hrbe_9U-3AY
Kajian Rabu Malam,https://www.youtube.com/watch?v=P9MOkJyv50k
Kajian Rabu Malam,https://www.youtube.com/watch?v=0f_0YDYncVs
Kajian Rabu Malam,https://www.youtube.com/watch?v=4PjNIoxEAb0
Kajian Rabu Malam,https://www.youtube.com/watch?v=V6DaTr2acCY
Kajian Rabu Malam,https://www.youtube.com/watch?v=bulxuulGpYE
Kajian Rabu Malam,https://www.youtube.com/watch?v=X6FNh__8SCw
Kajian Rabu Malam,https://www.youtube.com/watch?v=qGzsLrR6OIk
Kajian Rabu Malam,https://www.youtube.com/watch?v=hQGItgm4LJo
Kajian Rabu Malam,https://www.youtube.com/watch?v=C2IjX5EPvSE
Kajian Rabu Malam,https://www.youtube.com/watch?v=uAHXsS1o-U8
Kajian Rabu Malam,https://www.youtube.com/watch?v=8RdcA0jTUZs
Kajian Rabu Malam,https://www.youtube.com/watch?v=91C0Ww-aZJU
Kajian Rabu Malam,https://www.youtube.com/watch?v=xUaY3lJ87TY
Kajian Rabu Malam,https://www.youtube.com/watch?v=XQyDZH9jzng
Kajian Rabu Malam,https://www.youtube.com/watch?v=ZHxjO-w-Vbs
Kajian Rabu Malam,https://www.youtube.com/watch?v=MJk_SD70DxU
Kajian Rabu Malam,https://www.youtube.com/watch?v=L0PUQ56DnMo
Kajian Rabu Malam,https://www.youtube.com/watch?v=GnTRYZhSzSc
Kajian Rabu Malam,https://www.youtube.com/watch?v=BwAAZdSC0GU
Kajian Rabu Malam,https://www.youtube.com/watch?v=fRK3XbUTRmw
Kajian Rabu Malam,https://www.youtube.com/watch?v=9SPr-uxFmMY
Kajian Rabu Malam,https://www.youtube.com/watch?v=MOx8NnOgYwQ
Kajian Rabu Malam,https://www.youtube.com/watch?v=VrczxARyyIc
Kajian Rabu Malam,https://www.youtube.com/watch?v=655E_amsMxo
Kajian Rabu Malam,https://www.youtube.com/watch?v=MW63ryr9Qfg
Kajian Rabu Malam,https://www.youtube.com/watch?v=iPU47indOz0
Kajian Rabu Malam,https://www.youtube.com/watch?v=COvAPfPcfo4
Kajian Rabu Malam,https://www.youtube.com/watch?v=520F_a02Z_o
Kajian Rabu Malam,https://www.youtube.com/watch?v=WXNCMdH6BNI
Kajian Rabu Malam,https://www.youtube.com/watch?v=eD5LXiRdYH0
Kajian Rabu Malam,https://www.youtube.com/watch?v=u-BQdPxvMUU
Kajian Rabu Malam,https://www.youtube.com/watch?v=EJqPk1I3pFc
Kajian Rabu Malam,https://www.youtube.com/watch?v=E0kaVs8R7hI
Kajian Rabu Malam,https://www.youtube.com/watch?v=zYcWogMRQzQ
Kajian Rabu Malam,https://www.youtube.com/watch?v=cx9q2CHGVLg
Kajian Rabu Malam,https://www.youtube.com/watch?v=R4phf3zDdgs
Kajian Rabu Malam,https://www.youtube.com/watch?v=-KmGTO4zXy0
Kajian Rabu Malam,https://www.youtube.com/watch?v=PKLpr3m-nT4
Kajian Rabu Malam,https://www.youtube.com/watch?v=pE6tfI7VPgw
Kajian Rabu Malam,https://www.youtube.com/watch?v=uusnzfWSPxI
Kajian Rabu Malam,https://www.youtube.com/watch?v=yBbI7sDw86I
Kajian Rabu Malam,https://www.youtube.com/watch?v=qbORrHsEpeU
Kajian Rabu Malam,https://www.youtube.com/watch?v=fSIATySfwjA
Kajian Rabu Malam,https://www.youtube.com/watch?v=E2v6ofSmfW4
Kajian Rabu Malam,https://www.youtube.com/watch?v=-ydYvmzh2Xc
Kajian Rabu Malam,https://www.youtube.com/watch?v=YmRe95SPOM8
Kajian Rabu Malam,https://www.youtube.com/watch?v=OdcPn0PeZgE
Kajian Rabu Malam,https://www.youtube.com/watch?v=Vgl3wwGtmhg
Kajian Rabu Malam,https://www.youtube.com/watch?v=uxw3lt30VTg
Kajian Rabu Malam,https://www.youtube.com/watch?v=7IusIY918qg
Kajian Rabu Malam,https://www.youtube.com/watch?v=CnMpObpOMHc
Kajian Rabu Malam,https://www.youtube.com/watch?v=4tnO0BCVhSA
Kajian Rabu Malam,https://www.youtube.com/watch?v=ipCW481V2lI
Kajian Rabu Malam,https://www.youtube.com/watch?v=GsjBye3-JbU
Kajian Rabu Malam,https://www.youtube.com/watch?v=H9cSqNmPEsQ
Kajian Rabu Malam,https://www.youtube.com/watch?v=S0nKLBTv0Ko
Kajian Rabu Malam,https://www.youtube.com/watch?v=2TFM7N942eU
Kajian Rabu Malam,https://www.youtube.com/watch?v=cEF0y04M_Y4
Kajian Rabu Malam,https://www.youtube.com/watch?v=BUGoMHqgQWg
Kajian Rabu Malam,https://www.youtube.com/watch?v=9FJ-oE1oJl4
Kajian Rabu Malam,https://www.youtube.com/watch?v=Ncn3fLf0Yk8
Kajian Rabu Malam,https://www.youtube.com/watch?v=8EczSdnBsxw
Kajian Rabu Malam,https://www.youtube.com/watch?v=7wPgrDuNDkE
Kajian Rabu Malam,https://www.youtube.com/watch?v=crV4azor0YI
Kajian Rabu Malam,https://www.youtube.com/watch?v=kwuYV6FDm6o
Kajian Rabu Malam,https://www.youtube.com/watch?v=JIiJSklttdU
Kajian Rabu Malam,https://www.youtube.com/watch?v=ECHf-iqitRk
,
Media Partner,https://www.youtube.com/watch?v=Xa8ItVedXxQ
Media Partner,https://www.youtube.com/watch?v=wpNzb7jC9l8
Media Partner,https://www.youtube.com/watch?v=EZgeCISlnVw
Media Partner,https://www.youtube.com/watch?v=3_JYoifED2Q
,
Mini Series Pejuang I'tikaf,https://www.youtube.com/watch?v=EwrEpJKkpL8
Mini Series Pejuang I'tikaf,https://www.youtube.com/watch?v=WIjKuYlievM
Mini Series Pejuang I'tikaf,https://www.youtube.com/watch?v=SXAtr4rQLfo
Mini Series Pejuang I'tikaf,https://www.youtube.com/watch?v=DXb_vjkaSFQ
Mini Series Pejuang I'tikaf,https://www.youtube.com/watch?v=YtBoptqgzPE
Mini Series Pejuang I'tikaf,https://www.youtube.com/watch?v=lm25vz_K_0Y
,
Murrotal,https://www.youtube.com/watch?v=LFKHUnBL324
,
Ngaji Akbar,https://www.youtube.com/watch?v=Sey2QFOLfXQ
,
Ngaji Santai,https://www.youtube.com/watch?v=Y3k5znq_KPA
Ngaji Santai,https://www.youtube.com/watch?v=R-E1EwplA9c
Ngaji Santai,https://www.youtube.com/watch?v=cKl-Q-BGWGs
Ngaji Santai,https://www.youtube.com/watch?v=bdkZsA8M-EU
Ngaji Santai,https://www.youtube.com/watch?v=7qJznn3yXj8
Ngaji Santai,https://www.youtube.com/watch?v=tsKRifIddFs
Ngaji Santai,https://www.youtube.com/watch?v=KQmHTDUkk9s
Ngaji Santai,https://www.youtube.com/watch?v=ImW7VOg4j1c
Ngaji Santai,https://www.youtube.com/watch?v=ISj-hR6hhJI
Ngaji Santai,https://www.youtube.com/watch?v=sdd2wcyaZs0
Ngaji Santai,https://www.youtube.com/watch?v=ov2059cpyqk
Ngaji Santai,https://www.youtube.com/watch?v=zUqSghJW4dA
,
Ngaji Santai Angkringan,https://www.youtube.com/watch?v=x2llods0qg8
Ngaji Santai Angkringan,https://www.youtube.com/watch?v=H88rRL9mZyY
Ngaji Santai Angkringan,https://www.youtube.com/watch?v=59nkE7e1TyA
Ngaji Santai Angkringan,https://www.youtube.com/watch?v=y6XSQNKXIM4
Ngaji Santai Angkringan,https://www.youtube.com/watch?v=EgXp3NZt7kE
Ngaji Santai Angkringan,https://www.youtube.com/watch?v=zBoI0Y2Nmjg
,
On The Way Talk,https://www.youtube.com/watch?v=2p8ZarYz-QQ
On The Way Talk,https://www.youtube.com/watch?v=YXVJx0RqTWM
On The Way Talk,https://www.youtube.com/watch?v=AnLUGzCgoYc
On The Way Talk,https://www.youtube.com/watch?v=pZm13JNT7r4
On The Way Talk,https://www.youtube.com/watch?v=wW97voB4Nws
On The Way Talk,https://www.youtube.com/watch?v=IG4iytSGwJs
On The Way Talk,https://www.youtube.com/watch?v=QPZbsBZiLM0
On The Way Talk,https://www.youtube.com/watch?v=UV-SrA1tlig
On The Way Talk,https://www.youtube.com/watch?v=AAJv4xzeC5Y
On The Way Talk,https://www.youtube.com/watch?v=7GbH28zgi1U
On The Way Talk,https://www.youtube.com/watch?v=b9XOTVTxdNM
On The Way Talk,https://www.youtube.com/watch?v=u6F5BfQlVkk
On The Way Talk,https://www.youtube.com/watch?v=Y3-Tk-lhVt4
On The Way Talk,https://www.youtube.com/watch?v=6fdwSXAIWI8
On The Way Talk,https://www.youtube.com/watch?v=GexXNG0sq3U
On The Way Talk,https://www.youtube.com/watch?v=PZHz-9Tk7s8
On The Way Talk,https://www.youtube.com/watch?v=4P-AhiME8vw
On The Way Talk,https://www.youtube.com/watch?v=nAeyNehbzHc
On The Way Talk,https://www.youtube.com/watch?v=g557rXfFiG8
On The Way Talk,https://www.youtube.com/watch?v=eMub89Y2opg
On The Way Talk,https://www.youtube.com/watch?v=jZO5zi4WmFM
On The Way Talk,https://www.youtube.com/watch?v=AaabYT5hQAA
On The Way Talk,https://www.youtube.com/watch?v=lZNF_3L4bLQ
On The Way Talk,https://www.youtube.com/watch?v=yBDmnxV_4lo
On The Way Talk,https://www.youtube.com/watch?v=O7jDCvZ9EuA
On The Way Talk,https://www.youtube.com/watch?v=444WCw3CJ2k
On The Way Talk,https://www.youtube.com/watch?v=OW7T-hchB1w
On The Way Talk,https://www.youtube.com/watch?v=Gl1n0skpgs4
On The Way Talk,https://www.youtube.com/watch?v=fbPrGS2sHf8
On The Way Talk,https://www.youtube.com/watch?v=UpYJee6s6qc
On The Way Talk,https://www.youtube.com/watch?v=kvdY9w-Z650
On The Way Talk,https://www.youtube.com/watch?v=p-0QO3IYKiY
On The Way Talk,https://www.youtube.com/watch?v=cmKtiloFMkE
On The Way Talk,https://www.youtube.com/watch?v=vItDyb3jJoo
On The Way Talk,https://www.youtube.com/watch?v=_iQwqO9-7fY
On The Way Talk,https://www.youtube.com/watch?v=fI6IQs7NO_4
On The Way Talk,https://www.youtube.com/watch?v=CgM5ZXmU7eA
On The Way Talk,https://www.youtube.com/watch?v=ozNZgeyXwN8
On The Way Talk,https://www.youtube.com/watch?v=3mBnJHieoQM
On The Way Talk,https://www.youtube.com/watch?v=sR5DVlWjIm4
On The Way Talk,https://www.youtube.com/watch?v=uGLNeNvT5mw
On The Way Talk,https://www.youtube.com/watch?v=oMdg55rUufQ
On The Way Talk,https://www.youtube.com/watch?v=2HKzv7VWyj0
On The Way Talk,https://www.youtube.com/watch?v=t2IiS47CMac
On The Way Talk,https://www.youtube.com/watch?v=7NDlUaJY1KE
On The Way Talk,https://www.youtube.com/watch?v=QYoqx0fnyAM
On The Way Talk,https://www.youtube.com/watch?v=gQCqpCcXcmE
On The Way Talk,https://www.youtube.com/watch?v=-6Ph0BX-tUE
On The Way Talk,https://www.youtube.com/watch?v=pF63KMoJ2fA
On The Way Talk,https://www.youtube.com/watch?v=9EzTwSUC4mg
On The Way Talk,https://www.youtube.com/watch?v=uXdZQ7MopKM
On The Way Talk,https://www.youtube.com/watch?v=8xS75dNf0KU
On The Way Talk,https://www.youtube.com/watch?v=MZtDlEy0FQw
On The Way Talk,https://www.youtube.com/watch?v=Rxz-mUwPo78
On The Way Talk,https://www.youtube.com/watch?v=mN9cgj_-0KI
On The Way Talk,https://www.youtube.com/watch?v=R5Fzn0SvJtk
On The Way Talk,https://www.youtube.com/watch?v=hkBMydGGSKc
On The Way Talk,https://www.youtube.com/watch?v=4q7fA6dsVLc
On The Way Talk,https://www.youtube.com/watch?v=UsT3WC5ilMU
On The Way Talk,https://www.youtube.com/watch?v=f6GuxQAE5jE
On The Way Talk,https://www.youtube.com/watch?v=nRvlzxAlvCo
On The Way Talk,https://www.youtube.com/watch?v=lgiFSszu6JQ
On The Way Talk,https://www.youtube.com/watch?v=inkJ8u_SpQU
On The Way Talk,https://www.youtube.com/watch?v=3CebPp88aXk
On The Way Talk,https://www.youtube.com/watch?v=52SH_Pw8etE
On The Way Talk,https://www.youtube.com/watch?v=YwJ1tfJAjF8
On The Way Talk,https://www.youtube.com/watch?v=y3tEL0zccX4
On The Way Talk,https://www.youtube.com/watch?v=zmQ3mbwBL6g
On The Way Talk,https://www.youtube.com/watch?v=UI1-wiwqwzo
On The Way Talk,https://www.youtube.com/watch?v=ZrEGljSU6nc
On The Way Talk,https://www.youtube.com/watch?v=7K03Le9LvMI
On The Way Talk,https://www.youtube.com/watch?v=w9FEQ-NLXyg
On The Way Talk,https://www.youtube.com/watch?v=DDS5U47VHkY
On The Way Talk,https://www.youtube.com/watch?v=YV0DoIaRESE
On The Way Talk,https://www.youtube.com/watch?v=n61SYJuQ6yE
,
Podcast Ruang Tamu,https://www.youtube.com/watch?v=IWJZXe7bzEQ
Podcast Ruang Tamu,https://www.youtube.com/watch?v=lSntEVYLe0I
Podcast Ruang Tamu,https://www.youtube.com/watch?v=XlhtkFfVILU
Podcast Ruang Tamu,https://www.youtube.com/watch?v=Qiwo8sVxZX8
Podcast Ruang Tamu,https://www.youtube.com/watch?v=nX0BbW9eAG4
Podcast Ruang Tamu,https://www.youtube.com/watch?v=9zhZv6AChVY
Podcast Ruang Tamu,https://www.youtube.com/watch?v=3QGkfsIs5cw
Podcast Ruang Tamu,https://www.youtube.com/watch?v=jMnNBRo3YY0
Podcast Ruang Tamu,https://www.youtube.com/watch?v=W_NbrBPq-gA
Podcast Ruang Tamu,https://www.youtube.com/watch?v=6hOjRhBKDXo
Podcast Ruang Tamu,https://www.youtube.com/watch?v=7Mg6kSjLrZA
Podcast Ruang Tamu,https://www.youtube.com/watch?v=P9D2wcrWKR4
Podcast Ruang Tamu,https://www.youtube.com/watch?v=v0eTiKWGdhg
Podcast Ruang Tamu,https://www.youtube.com/watch?v=6mapxvn68hw
Podcast Ruang Tamu,https://www.youtube.com/watch?v=I_VQ9A7wDao
Podcast Ruang Tamu,https://www.youtube.com/watch?v=NU7ILgLmLM0
Podcast Ruang Tamu,https://www.youtube.com/watch?v=U7KpVDuqPQY
Podcast Ruang Tamu,https://www.youtube.com/watch?v=gvqwy3zXuzA
Podcast Ruang Tamu,https://www.youtube.com/watch?v=cSigGD9MH40
Podcast Ruang Tamu,https://www.youtube.com/watch?v=2C7v3eWx82o
Podcast Ruang Tamu,https://www.youtube.com/watch?v=sRtbyfdGB3E
Podcast Ruang Tamu,https://www.youtube.com/watch?v=HeRUnL-s-7A
Podcast Ruang Tamu,https://www.youtube.com/watch?v=KSXe0OcsHO0
Podcast Ruang Tamu,https://www.youtube.com/watch?v=_RvobRQm9Ys
,
Pulang Kampung Web Series,https://www.youtube.com/watch?v=yuroCkM6R-A
Pulang Kampung Web Series,https://www.youtube.com/watch?v=kyPtHunEVQw
Pulang Kampung Web Series,https://www.youtube.com/watch?v=dxAFtcENAVk
Pulang Kampung Web Series,https://www.youtube.com/watch?v=pYOyBdHQ-xE
,
Q&A,https://www.youtube.com/watch?v=X1GUK85JGsk
Q&A,https://www.youtube.com/watch?v=y7A22nK1oK0
Q&A,https://www.youtube.com/watch?v=vibwiBU_zdw
Q&A,https://www.youtube.com/watch?v=bPEthbk6Hh0
Q&A,https://www.youtube.com/watch?v=Zbzq8z3e9N4
Q&A,https://www.youtube.com/watch?v=x0c_mYMjZxY
Q&A,https://www.youtube.com/watch?v=h42qPFBJKso
Q&A,https://www.youtube.com/watch?v=nYzfEMlxctw
Q&A,https://www.youtube.com/watch?v=MReK2YjqR9M
Q&A,https://www.youtube.com/watch?v=jfQBH-o5j4k
Q&A,https://www.youtube.com/watch?v=ym9Ij6gqChQ
Q&A,https://www.youtube.com/watch?v=uhNHUyRfN1c
Q&A,https://www.youtube.com/watch?v=OhcWVqh5Rbg
Q&A,https://www.youtube.com/watch?v=2s01vy6-z1A
Q&A,https://www.youtube.com/watch?v=lSzMor3iOn4
Q&A,https://www.youtube.com/watch?v=KiwbPGb0PD4
Q&A,https://www.youtube.com/watch?v=sRQg9-B2ZFs
Q&A,https://www.youtube.com/watch?v=4_ZDve_mRTo
Q&A,https://www.youtube.com/watch?v=ytfpYM4gL1E
Q&A,https://www.youtube.com/watch?v=YjMIgnXj-8E
Q&A,https://www.youtube.com/watch?v=FDVhEvQNaac
Q&A,https://www.youtube.com/watch?v=RbKqWLT25CY
Q&A,https://www.youtube.com/watch?v=a7exy6Ob5u8
Q&A,https://www.youtube.com/watch?v=zrDDXMClLWw
Q&A,https://www.youtube.com/watch?v=cjpfiY69Uck
Q&A,https://www.youtube.com/watch?v=PyL6AHPPcLI
Q&A,https://www.youtube.com/watch?v=8M3Vjid9LJU
Q&A,https://www.youtube.com/watch?v=flQDiaSHEDk
Q&A,https://www.youtube.com/watch?v=rJ6a96ld7uY
Q&A,https://www.youtube.com/watch?v=H8zCVPzpKtI
Q&A,https://www.youtube.com/watch?v=k4qtULUsYI8
Q&A,https://www.youtube.com/watch?v=JwywoucfzAg
Q&A,https://www.youtube.com/watch?v=a-9B_BhJcRM
Q&A,https://www.youtube.com/watch?v=r3jnT3Y9ETQ
Q&A,https://www.youtube.com/watch?v=dAUGPelzaEs
Q&A,https://www.youtube.com/watch?v=QYn2dPvxYXo
Q&A,https://www.youtube.com/watch?v=Crz23DZ1tbY
Q&A,https://www.youtube.com/watch?v=cgRtXFdX4fg
Q&A,https://www.youtube.com/watch?v=3lNDYOhgh5A
Q&A,https://www.youtube.com/watch?v=Gav4t_QlQXI
Q&A,https://www.youtube.com/watch?v=sVV3mHn1YLU
Q&A,https://www.youtube.com/watch?v=Vc-y8pEfyqQ
Q&A,https://www.youtube.com/watch?v=dDLiBMUyXBE
Q&A,https://www.youtube.com/watch?v=TJ8ufNOBdMU
Q&A,https://www.youtube.com/watch?v=TDAvbAqZVT0
Q&A,https://www.youtube.com/watch?v=HywgBGNaIDo
Q&A,https://www.youtube.com/watch?v=nkvLaT1PUHs
Q&A,https://www.youtube.com/watch?v=JNmEuaR5f-c
Q&A,https://www.youtube.com/watch?v=XCfhGLdz78c
Q&A,https://www.youtube.com/watch?v=FsZ0XY_0svw
Q&A,https://www.youtube.com/watch?v=Hn6J4tr6TA8
Q&A,https://www.youtube.com/watch?v=tGO8lPtvMzw
Q&A,https://www.youtube.com/watch?v=o4UP_fnuqNE
Q&A,https://www.youtube.com/watch?v=-Xv5hkXXSxk
Q&A,https://www.youtube.com/watch?v=KcqQq_RdAy0
Q&A,https://www.youtube.com/watch?v=tPtPamss38U
Q&A,https://www.youtube.com/watch?v=NMgwA3IHlMs
Q&A,https://www.youtube.com/watch?v=yYva-CGmx20
Q&A,https://www.youtube.com/watch?v=IX9KeMipIAc
Q&A,https://www.youtube.com/watch?v=oRtjfLYmZhY
Q&A,https://www.youtube.com/watch?v=6DPxCGxKLak
Q&A,https://www.youtube.com/watch?v=ghovIS2EUaM
Q&A,https://www.youtube.com/watch?v=3KYw-KG1hyk
Q&A,https://www.youtube.com/watch?v=ExDtxQo3b7I
Q&A,https://www.youtube.com/watch?v=gew4O7DnLLY
Q&A,https://www.youtube.com/watch?v=fCT2JroNnb8
Q&A,https://www.youtube.com/watch?v=8KQDVnoiupA
Q&A,https://www.youtube.com/watch?v=q4qrca660xY
Q&A,https://www.youtube.com/watch?v=BUL1436pjSI
Q&A,https://www.youtube.com/watch?v=ZpA12z5dy6M
Q&A,https://www.youtube.com/watch?v=LoOdoMQOJqc
Q&A,https://www.youtube.com/watch?v=bcmE_e-kPhA
Q&A,https://www.youtube.com/watch?v=pL0_TbRvq6o
Q&A,https://www.youtube.com/watch?v=32XSSWTntd0
Q&A,https://www.youtube.com/watch?v=A-tGGE72I8Y
Q&A,https://www.youtube.com/watch?v=FDDlfREbDks
Q&A,https://www.youtube.com/watch?v=2aZ7dzuTu34
Q&A,https://www.youtube.com/watch?v=6Ue-DDJgijk
Q&A,https://www.youtube.com/watch?v=4bXaI-i5pPc
Q&A,https://www.youtube.com/watch?v=DDQ1huSBHgM
Q&A,https://www.youtube.com/watch?v=Nhgg9guX78A
Q&A,https://www.youtube.com/watch?v=O8YfsJX8eiU
Q&A,https://www.youtube.com/watch?v=pTznOCdX9wU
Q&A,https://www.youtube.com/watch?v=tkQYyLbJX-g
Q&A,https://www.youtube.com/watch?v=r-9tOax3ilY
Q&A,https://www.youtube.com/watch?v=RcN_lsvdQTA
Q&A,https://www.youtube.com/watch?v=-H3hDa5t6a4
Q&A,https://www.youtube.com/watch?v=JDmG2bI5ENM
Q&A,https://www.youtube.com/watch?v=5V5rF71Wz3k
Q&A,https://www.youtube.com/watch?v=MuLqFrwdvEc
Q&A,https://www.youtube.com/watch?v=4PEONw0C9Do
Q&A,https://www.youtube.com/watch?v=Y4_gE61YPDw
Q&A,https://www.youtube.com/watch?v=hdHmDJG32gI
Q&A,https://www.youtube.com/watch?v=MaFKnHu9X6U
Q&A,https://www.youtube.com/watch?v=XnOwoPFpI-E
Q&A,https://www.youtube.com/watch?v=nKBnhUQHyTw
Q&A,https://www.youtube.com/watch?v=lMtM_n_M0QY
Q&A,https://www.youtube.com/watch?v=YkSe5dPIkDM
Q&A,https://www.youtube.com/watch?v=daKTUxcnaUg
Q&A,https://www.youtube.com/watch?v=FJnBnpQh3xI
Q&A,https://www.youtube.com/watch?v=KhYNy013Fm8
Q&A,https://www.youtube.com/watch?v=evWfgzUIimc
Q&A,https://www.youtube.com/watch?v=JGyDCN4SnXY
Q&A,https://www.youtube.com/watch?v=JHc7J8xMciY
Q&A,https://www.youtube.com/watch?v=wXdBmKxUanQ
Q&A,https://www.youtube.com/watch?v=6SSHzJmPY2g
Q&A,https://www.youtube.com/watch?v=WFtMM6ZNEbc
Q&A,https://www.youtube.com/watch?v=ueDEHaMtdfQ
Q&A,https://www.youtube.com/watch?v=nZJ5zamhv50
Q&A,https://www.youtube.com/watch?v=bBZHgQrFI2k
Q&A,https://www.youtube.com/watch?v=xFtKnP5bIbo
Q&A,https://www.youtube.com/watch?v=X7K-wHqo05c
Q&A,https://www.youtube.com/watch?v=a2H1UyYDeqo
Q&A,https://www.youtube.com/watch?v=FW_Pq3GZtss
Q&A,https://www.youtube.com/watch?v=Ic-nDLrHRd4
Q&A,https://www.youtube.com/watch?v=T8MGo6MvJ2M
Q&A,https://www.youtube.com/watch?v=ixDxI5F2-zU
Q&A,https://www.youtube.com/watch?v=YVC52x41Z4A
Q&A,https://www.youtube.com/watch?v=s0DHkJpy0Pc
Q&A,https://www.youtube.com/watch?v=DVkxWcXy6nc
Q&A,https://www.youtube.com/watch?v=lTNlVmzfWEA
Q&A,https://www.youtube.com/watch?v=o0Lpp8BEIsM
Q&A,https://www.youtube.com/watch?v=cagKd5vdtJI
Q&A,https://www.youtube.com/watch?v=ALUAGV_T3P8
Q&A,https://www.youtube.com/watch?v=3ZeKjAe2cjE
Q&A,https://www.youtube.com/watch?v=5PLwQUmVJy8
Q&A,https://www.youtube.com/watch?v=_dRCMKVpta8
Q&A,https://www.youtube.com/watch?v=gY_zKuQnKGM
Q&A,https://www.youtube.com/watch?v=poJUEBqttlw
Q&A,https://www.youtube.com/watch?v=bz3fjRupGfE
Q&A,https://www.youtube.com/watch?v=MloxPbQ9dDE
Q&A,https://www.youtube.com/watch?v=OolKlq97uEM
Q&A,https://www.youtube.com/watch?v=iPQpm_u1ub4
Q&A,https://www.youtube.com/watch?v=8GyK7PeoXV0
Q&A,https://www.youtube.com/watch?v=9ufFKXh8y50
Q&A,https://www.youtube.com/watch?v=P8Xa47lKS68
Q&A,https://www.youtube.com/watch?v=Kdk87bi7CmM
Q&A,https://www.youtube.com/watch?v=CVqXvXXKH5U
Q&A,https://www.youtube.com/watch?v=4EvZozpf_4U
Q&A,https://www.youtube.com/watch?v=baz4TBxclrw
Q&A,https://www.youtube.com/watch?v=6HGcyOtAIB4
Q&A,https://www.youtube.com/watch?v=q533FpFDbFM
,
Q & A Chef Heri Kurniawan,https://www.youtube.com/watch?v=2Q0KfvQdNX4
,
"Q & A Dr. Sagiran, Sp.S, M.Kes",https://www.youtube.com/watch?v=jpwU4v3fcio
"Q & A Dr. Sagiran, Sp.S, M.Kes",https://www.youtube.com/watch?v=tuCDo4W1i4U
"Q & A Dr. Sagiran, Sp.S, M.Kes",https://www.youtube.com/watch?v=WmnF1Lxa0CE
"Q & A Dr. Sagiran, Sp.S, M.Kes",https://www.youtube.com/watch?v=R7dfSb7HuEw
"Q & A Dr. Sagiran, Sp.S, M.Kes",https://www.youtube.com/watch?v=lai7iXbFITA
"Q & A Dr. Sagiran, Sp.S, M.Kes",https://www.youtube.com/watch?v=DPXWyh3uAbE
"Q & A Dr. Sagiran, Sp.S, M.Kes",https://www.youtube.com/watch?v=EpTnxH-0woc
"Q & A Dr. Sagiran, Sp.S, M.Kes",https://www.youtube.com/watch?v=wg_UZQXjkDs
"Q & A Dr. Sagiran, Sp.S, M.Kes",https://www.youtube.com/watch?v=8kBBMSAboCo
"Q & A Dr. Sagiran, Sp.S, M.Kes",https://www.youtube.com/watch?v=EX-Tkd59R5E
"Q & A Dr. Sagiran, Sp.S, M.Kes",https://www.youtube.com/watch?v=iqiJ_XR85hA
"Q & A Dr. Sagiran, Sp.S, M.Kes",https://www.youtube.com/watch?v=TGYvXMDsBeY
,
Q & A Gus Wowok,https://www.youtube.com/watch?v=wm6cb7JzLrg
Q & A Gus Wowok,https://www.youtube.com/watch?v=dhdCZBQTSw0
Q & A Gus Wowok,https://www.youtube.com/watch?v=OqTA5rcvujY
,
Q & A Habib Muhammad bin Anies Sahab,https://www.youtube.com/watch?v=TRcanfuroOk
Q & A Habib Muhammad bin Anies Sahab,https://www.youtube.com/watch?v=0oP27lFXL_s
Q & A Habib Muhammad bin Anies Sahab,https://www.youtube.com/watch?v=93-238wL9YU
Q & A Habib Muhammad bin Anies Sahab,https://www.youtube.com/watch?v=1ZseB4J5c7I
Q & A Habib Muhammad bin Anies Sahab,https://www.youtube.com/watch?v=NmE4oAJmqIs
,
Q & A Mas Ferry Atmaja,https://www.youtube.com/watch?v=SOWPbKuREL4
,
Q & A Maz Awan Abdullah,https://www.youtube.com/watch?v=mbQqZt4sgm8
Q & A Maz Awan Abdullah,https://www.youtube.com/watch?v=L1C6Duw7jWI
Q & A Maz Awan Abdullah,https://www.youtube.com/watch?v=nILFJfm-hLM
Q & A Maz Awan Abdullah,https://www.youtube.com/watch?v=F1ItV5pn5xU
Q & A Maz Awan Abdullah,https://www.youtube.com/watch?v=1BfHFS872YE
,
Q & A Pak Erwan Barudi,https://www.youtube.com/watch?v=U31f9wxe0dA
,
Q & A Ustadz Ali Abu Haidar,https://www.youtube.com/watch?v=LArdn85xkP0
Q & A Ustadz Ali Abu Haidar,https://www.youtube.com/watch?v=vM2hGdUTXCg
Q & A Ustadz Ali Abu Haidar,https://www.youtube.com/watch?v=O2UNA3w-6lQ
Q & A Ustadz Ali Abu Haidar,https://www.youtube.com/watch?v=9VB2Jq9PzAE
Q & A Ustadz Ali Abu Haidar,https://www.youtube.com/watch?v=ccXHVXha4y0
Q & A Ustadz Ali Abu Haidar,https://www.youtube.com/watch?v=RBtgb9ywaAM
,
Q & A Ustadz Anton Ismunanto,https://www.youtube.com/watch?v=WmPa3vk_Q0A
,
Q & A Ustadz Asep Sobari,https://www.youtube.com/watch?v=40OE9Bpa2-g
,
"Q & A Ustadz Awan Abdullah, Sp. J",https://www.youtube.com/watch?v=R891FCCdv2U
"Q & A Ustadz Awan Abdullah, Sp. J",https://www.youtube.com/watch?v=xLcSoCO9WXs
"Q & A Ustadz Awan Abdullah, Sp. J",https://www.youtube.com/watch?v=IaVyaHadYms
"Q & A Ustadz Awan Abdullah, Sp. J",https://www.youtube.com/watch?v=57jvojGG3H8
"Q & A Ustadz Awan Abdullah, Sp. J",https://www.youtube.com/watch?v=Z18WlKghuGI
"Q & A Ustadz Awan Abdullah, Sp. J",https://www.youtube.com/watch?v=3veW2hzC-Ag
"Q & A Ustadz Awan Abdullah, Sp. J",https://www.youtube.com/watch?v=Ib-jf1iIFOA
"Q & A Ustadz Awan Abdullah, Sp. J",https://www.youtube.com/watch?v=jgyZ5dfCPN0
"Q & A Ustadz Awan Abdullah, Sp. J",https://www.youtube.com/watch?v=nmxQZ5OdCMk
"Q & A Ustadz Awan Abdullah, Sp. J",https://www.youtube.com/watch?v=AQDpcyN7IFg
"Q & A Ustadz Awan Abdullah, Sp. J",https://www.youtube.com/watch?v=YWJIa5H0C-I
"Q & A Ustadz Awan Abdullah, Sp. J",https://www.youtube.com/watch?v=v4zIzQ9qSbg
"Q & A Ustadz Awan Abdullah, Sp. J",https://www.youtube.com/watch?v=nJp9_-sfyIw
"Q & A Ustadz Awan Abdullah, Sp. J",https://www.youtube.com/watch?v=O5I-6HyHgus
"Q & A Ustadz Awan Abdullah, Sp. J",https://www.youtube.com/watch?v=lQAGW0MMBsI
"Q & A Ustadz Awan Abdullah, Sp. J",https://www.youtube.com/watch?v=c82CKPkj2VE
"Q & A Ustadz Awan Abdullah, Sp. J",https://www.youtube.com/watch?v=thYHcmmA8a4
"Q & A Ustadz Awan Abdullah, Sp. J",https://www.youtube.com/watch?v=0ut87LfAyq0
"Q & A Ustadz Awan Abdullah, Sp. J",https://www.youtube.com/watch?v=8-cBQBjgq7Q
"Q & A Ustadz Awan Abdullah, Sp. J",https://www.youtube.com/watch?v=LeI13l_PErk
"Q & A Ustadz Awan Abdullah, Sp. J",https://www.youtube.com/watch?v=8X5N0CBQS74
"Q & A Ustadz Awan Abdullah, Sp. J",https://www.youtube.com/watch?v=8i73sTJ0AmU
"Q & A Ustadz Awan Abdullah, Sp. J",https://www.youtube.com/watch?v=fyuY_XUaji0
"Q & A Ustadz Awan Abdullah, Sp. J",https://www.youtube.com/watch?v=dzzgbsVvvZA
"Q & A Ustadz Awan Abdullah, Sp. J",https://www.youtube.com/watch?v=LvCpIRCfaJw
"Q & A Ustadz Awan Abdullah, Sp. J",https://www.youtube.com/watch?v=OkwMNgnZBjQ
"Q & A Ustadz Awan Abdullah, Sp. J",https://www.youtube.com/watch?v=Mvq93PGfxRE
"Q & A Ustadz Awan Abdullah, Sp. J",https://www.youtube.com/watch?v=9KDgCaA1G94
"Q & A Ustadz Awan Abdullah, Sp. J",https://www.youtube.com/watch?v=ml7lrTIoBaM
"Q & A Ustadz Awan Abdullah, Sp. J",https://www.youtube.com/watch?v=Tt-jge167qY
"Q & A Ustadz Awan Abdullah, Sp. J",https://www.youtube.com/watch?v=vmH2UrNzP_0
"Q & A Ustadz Awan Abdullah, Sp. J",https://www.youtube.com/watch?v=yn71tyZhKB4
"Q & A Ustadz Awan Abdullah, Sp. J",https://www.youtube.com/watch?v=xHU6LOqErVM
"Q & A Ustadz Awan Abdullah, Sp. J",https://www.youtube.com/watch?v=ocoGXUJPaZ4
"Q & A Ustadz Awan Abdullah, Sp. J",https://www.youtube.com/watch?v=r4rpKkXtPV0
"Q & A Ustadz Awan Abdullah, Sp. J",https://www.youtube.com/watch?v=yh06wcO3IWg
"Q & A Ustadz Awan Abdullah, Sp. J",https://www.youtube.com/watch?v=PPkgJ4C-LYU
"Q & A Ustadz Awan Abdullah, Sp. J",https://www.youtube.com/watch?v=o2ZdQPDLG3o
,
Q & A Ustadz Feri Septianto,https://www.youtube.com/watch?v=YU6HaAm4KUY
,
Q & A Ustadz Ihsanul Faruqi,https://www.youtube.com/watch?v=Eo_YlI-FGnU
,
Q & A Ustadz Muhammad Arief Fuad Assrofi,https://www.youtube.com/watch?v=CUWMcVSXuPY
Q & A Ustadz Muhammad Arief Fuad Assrofi,https://www.youtube.com/watch?v=O9iib1OIzAk
Q & A Ustadz Muhammad Arief Fuad Assrofi,https://www.youtube.com/watch?v=8ZCheFK6oFQ
Q & A Ustadz Muhammad Arief Fuad Assrofi,https://www.youtube.com/watch?v=2b1Czkwzz34
Q & A Ustadz Muhammad Arief Fuad Assrofi,https://www.youtube.com/watch?v=JI6NeUYi2Y4
,
Q & A Ustadz Ransi Al Indragiri,https://www.youtube.com/watch?v=PJwcrRGXoYQ
Q & A Ustadz Ransi Al Indragiri,https://www.youtube.com/watch?v=FYy-C4Nxygg
Q & A Ustadz Ransi Al Indragiri,https://www.youtube.com/watch?v=ro3WAwjVvE0
Q & A Ustadz Ransi Al Indragiri,https://www.youtube.com/watch?v=2vw776XNpZo
Q & A Ustadz Ransi Al Indragiri,https://www.youtube.com/watch?v=ALA8v_43ilk
,
Q & A Ustadz Rifky Ja'far Thalib,https://www.youtube.com/watch?v=CT5IfOyVA7w
Q & A Ustadz Rifky Ja'far Thalib,https://www.youtube.com/watch?v=HtHuhQ7Sfgc
,
Q & A Ustadz Yosi Al Muzaniy,https://www.youtube.com/watch?v=itrRkKoyPig
Q & A Ustadz Yosi Al Muzaniy,https://www.youtube.com/watch?v=ihmkp7fX22Y
Q & A Ustadz Yosi Al Muzaniy,https://www.youtube.com/watch?v=Htw7KA6duec
Q & A Ustadz Yosi Al Muzaniy,https://www.youtube.com/watch?v=TP90UCsEeJY
Q & A Ustadz Yosi Al Muzaniy,https://www.youtube.com/watch?v=cbgbeRxPqNI
Q & A Ustadz Yosi Al Muzaniy,https://www.youtube.com/watch?v=crLsnxvqAcY
Q & A Ustadz Yosi Al Muzaniy,https://www.youtube.com/watch?v=EQOmIMaaE1M
Q & A Ustadz Yosi Al Muzaniy,https://www.youtube.com/watch?v=W5ovnVAyHec
,
Q & A Ustadz Zaim Saidi,https://www.youtube.com/watch?v=f05Dpl0Zx7U
Q & A Ustadz Zaim Saidi,https://www.youtube.com/watch?v=vLRARiQPk_E
Q & A Ustadz Zaim Saidi,https://www.youtube.com/watch?v=ctoIAw_9Now
Q & A Ustadz Zaim Saidi,https://www.youtube.com/watch?v=4naKB1DZGmU
Q & A Ustadz Zaim Saidi,https://www.youtube.com/watch?v=wG7GzmyG_mQ
Q & A Ustadz Zaim Saidi,https://www.youtube.com/watch?v=BNfCHZpGQg0
Q & A Ustadz Zaim Saidi,https://www.youtube.com/watch?v=1KZYxnWA_f8
Q & A Ustadz Zaim Saidi,https://www.youtube.com/watch?v=cete6B3PGmQ
Q & A Ustadz Zaim Saidi,https://www.youtube.com/watch?v=xdjx3gT4KPE
Q & A Ustadz Zaim Saidi,https://www.youtube.com/watch?v=XZpymSrtv0Q
Q & A Ustadz Zaim Saidi,https://www.youtube.com/watch?v=PgYSWFhtEa4
Q & A Ustadz Zaim Saidi,https://www.youtube.com/watch?v=2vsgv1KwVCM
Q & A Ustadz Zaim Saidi,https://www.youtube.com/watch?v=MIW5a7eVF1A
Q & A Ustadz Zaim Saidi,https://www.youtube.com/watch?v=JYKFZfrXnbs
Q & A Ustadz Zaim Saidi,https://www.youtube.com/watch?v=abtlhw1kKwA
Q & A Ustadz Zaim Saidi,https://www.youtube.com/watch?v=5DAPNNcAMvE
Q & A Ustadz Zaim Saidi,https://www.youtube.com/watch?v=wSvtJkkWcCQ
Q & A Ustadz Zaim Saidi,https://www.youtube.com/watch?v=d5T-Oorc-Kg
Q & A Ustadz Zaim Saidi,https://www.youtube.com/watch?v=PJ7_yExfhaw
Q & A Ustadz Zaim Saidi,https://www.youtube.com/watch?v=HsI-41MJS-8
Q & A Ustadz Zaim Saidi,https://www.youtube.com/watch?v=UJoSCYD-lFA
,
Q & A dr. Wahyu Triasmara,https://www.youtube.com/watch?v=8eidaYsBLOQ
,
Q n A Ustadz Handy Bonny,https://www.youtube.com/watch?v=kPtUvoHXdg8
Q n A Ustadz Handy Bonny,https://www.youtube.com/watch?v=LcEwx58kjsM
,
QnA Kuliah Pranikah Komplit,https://www.youtube.com/watch?v=DeRj2fKKGZw
QnA Kuliah Pranikah Komplit,https://www.youtube.com/watch?v=A9p-Z-Gn8J0
QnA Kuliah Pranikah Komplit,https://www.youtube.com/watch?v=OChkfaMfjwk
QnA Kuliah Pranikah Komplit,https://www.youtube.com/watch?v=sl5wttSut7U
QnA Kuliah Pranikah Komplit,https://www.youtube.com/watch?v=juYO1kV0HAo
QnA Kuliah Pranikah Komplit,https://www.youtube.com/watch?v=5Fjg_eTRJ9g
QnA Kuliah Pranikah Komplit,https://www.youtube.com/watch?v=0bb89LyecFo
QnA Kuliah Pranikah Komplit,https://www.youtube.com/watch?v=d6pDb0BrTCo
QnA Kuliah Pranikah Komplit,https://www.youtube.com/watch?v=nF1PMBXNMFw
QnA Kuliah Pranikah Komplit,https://www.youtube.com/watch?v=IisWda7rlO0
QnA Kuliah Pranikah Komplit,https://www.youtube.com/watch?v=OZZIwvDxKg8
QnA Kuliah Pranikah Komplit,https://www.youtube.com/watch?v=q_1e1q6Kx0w
QnA Kuliah Pranikah Komplit,https://www.youtube.com/watch?v=R9WFw7r9VU0
,
Qurban Asyik,https://www.youtube.com/watch?v=SiLiqm5Fywc
Qurban Asyik,https://www.youtube.com/watch?v=d7Wg6ZZ_z8k
Qurban Asyik,https://www.youtube.com/watch?v=c-Xi32WzwJU
,
Ramadhan 1441,https://www.youtube.com/watch?v=zjiGMbCYDmw
Ramadhan 1441,https://www.youtube.com/watch?v=ZMSXPfAIJ5w
Ramadhan 1441,https://www.youtube.com/watch?v=mtK2FnF9TrA
Ramadhan 1441,https://www.youtube.com/watch?v=dF0YTr8tlfI
Ramadhan 1441,https://www.youtube.com/watch?v=9hCAvVEaPGw
Ramadhan 1441,https://www.youtube.com/watch?v=F0GjieN_C3U
Ramadhan 1441,https://www.youtube.com/watch?v=B4pP1inhwYM
Ramadhan 1441,https://www.youtube.com/watch?v=xkgUK0iWpmc
Ramadhan 1441,https://www.youtube.com/watch?v=UeCUocZMp1Q
Ramadhan 1441,https://www.youtube.com/watch?v=-6a2XoukLrU
Ramadhan 1441,https://www.youtube.com/watch?v=QxQEJzTUKIM
Ramadhan 1441,https://www.youtube.com/watch?v=wh3pfaXwpIE
Ramadhan 1441,https://www.youtube.com/watch?v=GCRJjsbCtH8
Ramadhan 1441,https://www.youtube.com/watch?v=PjgXDvFpsWs
Ramadhan 1441,https://www.youtube.com/watch?v=pPltief8zB0
Ramadhan 1441,https://www.youtube.com/watch?v=i-iRC030cYo
Ramadhan 1441,https://www.youtube.com/watch?v=DXnX4HNVjtM
Ramadhan 1441,https://www.youtube.com/watch?v=bvukIVQfmkE
Ramadhan 1441,https://www.youtube.com/watch?v=U1XN9W6vVgg
Ramadhan 1441,https://www.youtube.com/watch?v=4u34z6k2AiU
Ramadhan 1441,https://www.youtube.com/watch?v=wo2EAFW65AU
Ramadhan 1441,https://www.youtube.com/watch?v=n9CYERlXM9s
Ramadhan 1441,https://www.youtube.com/watch?v=yW0fYKEQKXg
Ramadhan 1441,https://www.youtube.com/watch?v=arbuuTUXgdU
Ramadhan 1441,https://www.youtube.com/watch?v=jbsMUY2dVkQ
Ramadhan 1441,https://www.youtube.com/watch?v=9SD1gt-O8Qg
Ramadhan 1441,https://www.youtube.com/watch?v=1M2l8gDj4nU
Ramadhan 1441,https://www.youtube.com/watch?v=JF9WsjlEsd0
Ramadhan 1441,https://www.youtube.com/watch?v=Y8yigNQ6zOE
Ramadhan 1441,https://www.youtube.com/watch?v=0b4SBGeXRCE
Ramadhan 1441,https://www.youtube.com/watch?v=VRtTC3t5Llk
Ramadhan 1441,https://www.youtube.com/watch?v=RiqKUXPptL8
Ramadhan 1441,https://www.youtube.com/watch?v=LPyqJUnYIgA
Ramadhan 1441,https://www.youtube.com/watch?v=eqBtQfWY39c
Ramadhan 1441,https://www.youtube.com/watch?v=zQAo03Ekw60
Ramadhan 1441,https://www.youtube.com/watch?v=yvNMif7PM0c
Ramadhan 1441,https://www.youtube.com/watch?v=WKCBjYQ7Gmk
Ramadhan 1441,https://www.youtube.com/watch?v=tBssz8EqVKA
Ramadhan 1441,https://www.youtube.com/watch?v=Rt7x0o8_nc4
Ramadhan 1441,https://www.youtube.com/watch?v=nHR69ffveAY
Ramadhan 1441,https://www.youtube.com/watch?v=PRPfLjlNtXw
Ramadhan 1441,https://www.youtube.com/watch?v=QraFIm_0450
Ramadhan 1441,https://www.youtube.com/watch?v=P8Kxq97EKrs
Ramadhan 1441,https://www.youtube.com/watch?v=4m3F3t7Ssh0
Ramadhan 1441,https://www.youtube.com/watch?v=qnSEvtuuUmg
Ramadhan 1441,https://www.youtube.com/watch?v=fFFWY92ygVg
Ramadhan 1441,https://www.youtube.com/watch?v=D5-qxE7pixY
Ramadhan 1441,https://www.youtube.com/watch?v=fWDew6Ye31Q
Ramadhan 1441,https://www.youtube.com/watch?v=iUTKTbWvJN4
Ramadhan 1441,https://www.youtube.com/watch?v=sXg57IJKILw
Ramadhan 1441,https://www.youtube.com/watch?v=8v-RXYP6WTU
,
Sahabat the Series,https://www.youtube.com/watch?v=mwqitT_U4hM
Sahabat the Series,https://www.youtube.com/watch?v=BKI2jUXWQ7I
Sahabat the Series,https://www.youtube.com/watch?v=L_9Odfbww-M
Sahabat the Series,https://www.youtube.com/watch?v=yo6xygWrbdQ
Sahabat the Series,https://www.youtube.com/watch?v=lZ6H5zhAULs
Sahabat the Series,https://www.youtube.com/watch?v=h9MkVAme12Y
Sahabat the Series,https://www.youtube.com/watch?v=b7fcx5n6kww
Sahabat the Series,https://www.youtube.com/watch?v=BEWj1v2g30c
Sahabat the Series,https://www.youtube.com/watch?v=qiiv52WMdf0
Sahabat the Series,https://www.youtube.com/watch?v=sGX2Wyh7_0Y
Sahabat the Series,https://www.youtube.com/watch?v=E8ZlU3Z1npU
Sahabat the Series,https://www.youtube.com/watch?v=mPCBqiqrqX4
Sahabat the Series,https://www.youtube.com/watch?v=iiGl3mzL-1Q
Sahabat the Series,https://www.youtube.com/watch?v=OJe2cx0xnJc
Sahabat the Series,https://www.youtube.com/watch?v=OqmXrJ61GPQ
Sahabat the Series,https://www.youtube.com/watch?v=WFMdoRhkPHU
Sahabat the Series,https://www.youtube.com/watch?v=FiSo0JJpWAE
Sahabat the Series,https://www.youtube.com/watch?v=ICwE26eFNsA
Sahabat the Series,https://www.youtube.com/watch?v=mjnSaZVQs_Y
Sahabat the Series,https://www.youtube.com/watch?v=qjDyDdyVvy4
Sahabat the Series,https://www.youtube.com/watch?v=cqhlMBVH8mc
Sahabat the Series,https://www.youtube.com/watch?v=YHM-MTzdM0w
Sahabat the Series,https://www.youtube.com/watch?v=bld4b9Yr6I4
Sahabat the Series,https://www.youtube.com/watch?v=6e4q9XzhyH0
,
Sedekah Jumat,https://www.youtube.com/watch?v=Ier3vFXE4D0
Sedekah Jumat,https://www.youtube.com/watch?v=cbSE_jgMP5M
Sedekah Jumat,https://www.youtube.com/watch?v=qQ4wMV4HTmM
Sedekah Jumat,https://www.youtube.com/watch?v=07tRcodTM1E
,
Sekolah Belajar Siroh,https://www.youtube.com/watch?v=GiCOtw3hIos
Sekolah Belajar Siroh,https://www.youtube.com/watch?v=RDZ8st3KA0s
Sekolah Belajar Siroh,https://www.youtube.com/watch?v=9CULzV4ivP8
Sekolah Belajar Siroh,https://www.youtube.com/watch?v=rD9bmGaGA4c
Sekolah Belajar Siroh,https://www.youtube.com/watch?v=JNTRhyNyMXA
Sekolah Belajar Siroh,https://www.youtube.com/watch?v=CQrGXTxyya8
Sekolah Belajar Siroh,https://www.youtube.com/watch?v=SqIKevwXdwg
,
Sekolah Hadits Bersanad,https://www.youtube.com/watch?v=4zhKmxEbuTI
Sekolah Hadits Bersanad,https://www.youtube.com/watch?v=ceF1h6wCrAE
Sekolah Hadits Bersanad,https://www.youtube.com/watch?v=2nK41XWb4KY
Sekolah Hadits Bersanad,https://www.youtube.com/watch?v=pH0JB8R-fBU
Sekolah Hadits Bersanad,https://www.youtube.com/watch?v=QSNfMza17V0
Sekolah Hadits Bersanad,https://www.youtube.com/watch?v=jTh_lcMn86s
Sekolah Hadits Bersanad,https://www.youtube.com/watch?v=k_pDtJCuU78
Sekolah Hadits Bersanad,https://www.youtube.com/watch?v=ReHdiwsKaIU
Sekolah Hadits Bersanad,https://www.youtube.com/watch?v=LA3xrFf5374
,
Sholawat Asghil,https://www.youtube.com/watch?v=UGRx6EeChAo
Sholawat Asghil,https://www.youtube.com/watch?v=N2j4-GVKbRw
Sholawat Asghil,https://www.youtube.com/watch?v=XHKS10ag7ec
,
Shortmovie,https://www.youtube.com/watch?v=S-k27TDxTyw
,
Storynite,https://www.youtube.com/watch?v=X954M6FnvM0
,
Syekh Ali Jaber,https://www.youtube.com/watch?v=q9ZVtf4FVME
Syekh Ali Jaber,https://www.youtube.com/watch?v=xqChoab1YTo
Syekh Ali Jaber,https://www.youtube.com/watch?v=2kSf1bg8-mg
Syekh Ali Jaber,https://www.youtube.com/watch?v=V4-6JTMUzKM
Syekh Ali Jaber,https://www.youtube.com/watch?v=nEOgMpM5Rls
Syekh Ali Jaber,https://www.youtube.com/watch?v=avIVGIDQjYo
,
TD Bergerak,https://www.youtube.com/watch?v=QlYLYfpmSjI
TD Bergerak,https://www.youtube.com/watch?v=fE9eyA6dCNM
TD Bergerak,https://www.youtube.com/watch?v=Uht5EYUTzcs
TD Bergerak,https://www.youtube.com/watch?v=tuEtkTnO6OE
TD Bergerak,https://www.youtube.com/watch?v=HmsL4yP5LRA
TD Bergerak,https://www.youtube.com/watch?v=QpBW4HxpVek
TD Bergerak,https://www.youtube.com/watch?v=u2JXHIQ2pVw
TD Bergerak,https://www.youtube.com/watch?v=o2oTaL3CPLU
TD Bergerak,https://www.youtube.com/watch?v=fZtKxfvVh4E
TD Bergerak,https://www.youtube.com/watch?v=pnUvXvdYYEU
,
TEDE VLOG,https://www.youtube.com/watch?v=dk7T7gUd3AM
TEDE VLOG,https://www.youtube.com/watch?v=nttDfLOg0yk
TEDE VLOG,https://www.youtube.com/watch?v=oqYloXJQm-M
TEDE VLOG,https://www.youtube.com/watch?v=M3pVdAWfoTc
,
Tanya Dong! Spesial Idul Adha,https://www.youtube.com/watch?v=-G9pF06z0AI
Tanya Dong! Spesial Idul Adha,https://www.youtube.com/watch?v=-SF0wZNG2EM
Tanya Dong! Spesial Idul Adha,https://www.youtube.com/watch?v=4ZkQjTTUUg0
Tanya Dong! Spesial Idul Adha,https://www.youtube.com/watch?v=6cuUmarGynM
Tanya Dong! Spesial Idul Adha,https://www.youtube.com/watch?v=70mzv-_k84E
Tanya Dong! Spesial Idul Adha,https://www.youtube.com/watch?v=EuV075k7QqE
Tanya Dong! Spesial Idul Adha,https://www.youtube.com/watch?v=M3asHJgTAPc
Tanya Dong! Spesial Idul Adha,https://www.youtube.com/watch?v=O7E9u_IyUL4
Tanya Dong! Spesial Idul Adha,https://www.youtube.com/watch?v=OORUHyJW7qI
Tanya Dong! Spesial Idul Adha,https://www.youtube.com/watch?v=T8FBMwmzvJM
Tanya Dong! Spesial Idul Adha,https://www.youtube.com/watch?v=bxGV9emYWgM
Tanya Dong! Spesial Idul Adha,https://www.youtube.com/watch?v=vVO_9a8LJw8
Tanya Dong! Spesial Idul Adha,https://www.youtube.com/watch?v=wY-xsVB7Ej4
,
Urip Iku Urup,https://www.youtube.com/watch?v=ntmOu1GAfHg
Urip Iku Urup,https://www.youtube.com/watch?v=P4CPbTHxGpI
Urip Iku Urup,https://www.youtube.com/watch?v=a84K1-yDYwo
Urip Iku Urup,https://www.youtube.com/watch?v=XHPs5wiBpts
Urip Iku Urup,https://www.youtube.com/watch?v=T15CtHH77N8
,
Ustadz Abdul Somad,https://www.youtube.com/watch?v=d8RtqW22n3c
Ustadz Abdul Somad,https://www.youtube.com/watch?v=ymSyt0BqTjw
,
Ustadz Akmal Sjafril,https://www.youtube.com/watch?v=W-RNud3XIUE
Ustadz Akmal Sjafril,https://www.youtube.com/watch?v=hE7QcnScAX4
Ustadz Akmal Sjafril,https://www.youtube.com/watch?v=4zeLaLvLXZI
Ustadz Akmal Sjafril,https://www.youtube.com/watch?v=xpkDrRBHqig
,
"Ustadz Awan Abdullah, S. Pj.,",https://www.youtube.com/watch?v=6yq5QjRWGQs
"Ustadz Awan Abdullah, S. Pj.,",https://www.youtube.com/watch?v=ODDT7yrnKXI
"Ustadz Awan Abdullah, S. Pj.,",https://www.youtube.com/watch?v=WaZ-mJCutAo
"Ustadz Awan Abdullah, S. Pj.,",https://www.youtube.com/watch?v=6wm0DkvpwwI
"Ustadz Awan Abdullah, S. Pj.,",https://www.youtube.com/watch?v=6Ecs5A-_xUk
"Ustadz Awan Abdullah, S. Pj.,",https://www.youtube.com/watch?v=4YqZN10-pyk
"Ustadz Awan Abdullah, S. Pj.,",https://www.youtube.com/watch?v=T2gZOVGNepY
"Ustadz Awan Abdullah, S. Pj.,",https://www.youtube.com/watch?v=3qnh2taiSmI
"Ustadz Awan Abdullah, S. Pj.,",https://www.youtube.com/watch?v=td-LAy7M7L4
"Ustadz Awan Abdullah, S. Pj.,",https://www.youtube.com/watch?v=IGhB421JIT0
"Ustadz Awan Abdullah, S. Pj.,",https://www.youtube.com/watch?v=VbVkTYHRdrI
"Ustadz Awan Abdullah, S. Pj.,",https://www.youtube.com/watch?v=pTNIxxHaAYA
"Ustadz Awan Abdullah, S. Pj.,",https://www.youtube.com/watch?v=vObEz4gr6tw
"Ustadz Awan Abdullah, S. Pj.,",https://www.youtube.com/watch?v=7e0bfx1w0Fw
"Ustadz Awan Abdullah, S. Pj.,",https://www.youtube.com/watch?v=ky5upPw3OvM
"Ustadz Awan Abdullah, S. Pj.,",https://www.youtube.com/watch?v=BH6BfSTdZcs
"Ustadz Awan Abdullah, S. Pj.,",https://www.youtube.com/watch?v=iAlG9wi8BrU
"Ustadz Awan Abdullah, S. Pj.,",https://www.youtube.com/watch?v=Sy9s6v3XUl8
"Ustadz Awan Abdullah, S. Pj.,",https://www.youtube.com/watch?v=22WxNhIxUYs
"Ustadz Awan Abdullah, S. Pj.,",https://www.youtube.com/watch?v=5G-vm0GPuhc
"Ustadz Awan Abdullah, S. Pj.,",https://www.youtube.com/watch?v=eawFdmLEO30
"Ustadz Awan Abdullah, S. Pj.,",https://www.youtube.com/watch?v=Hk1mKdnCJeU
"Ustadz Awan Abdullah, S. Pj.,",https://www.youtube.com/watch?v=mkrHer5zQvI
"Ustadz Awan Abdullah, S. Pj.,",https://www.youtube.com/watch?v=xTiW0nhqt4w
"Ustadz Awan Abdullah, S. Pj.,",https://www.youtube.com/watch?v=NzxEamJbO_g
"Ustadz Awan Abdullah, S. Pj.,",https://www.youtube.com/watch?v=cMdEr4h9CSs
"Ustadz Awan Abdullah, S. Pj.,",https://www.youtube.com/watch?v=CbSHH3_aI24
"Ustadz Awan Abdullah, S. Pj.,",https://www.youtube.com/watch?v=njPRwKHK9Gs
"Ustadz Awan Abdullah, S. Pj.,",https://www.youtube.com/watch?v=vQcPH7NodzA
"Ustadz Awan Abdullah, S. Pj.,",https://www.youtube.com/watch?v=-kCO86P2f5E
,
Ustadz Bendri jaisyurrahman,https://www.youtube.com/watch?v=zMQFKAcwmXk
Ustadz Bendri jaisyurrahman,https://www.youtube.com/watch?v=OtETp-RLV3M
Ustadz Bendri jaisyurrahman,https://www.youtube.com/watch?v=82BBqJbaBUg
,
Ustadz Budi Ashari,https://www.youtube.com/watch?v=p6njLYO2lAg
,
Ustadz Fadlan Garamatan,https://www.youtube.com/watch?v=R7SOCzaoM9A
Ustadz Fadlan Garamatan,https://www.youtube.com/watch?v=wkFR_JQfSg8
Ustadz Fadlan Garamatan,https://www.youtube.com/watch?v=qAp5TqjMXwU
Ustadz Fadlan Garamatan,https://www.youtube.com/watch?v=GuBKPwpOIQQ
,
Ustadz Muhammad Faizar,https://www.youtube.com/watch?v=eGI8XrdNgIk
Ustadz Muhammad Faizar,https://www.youtube.com/watch?v=H8zkogGcKN4
,
Ustadz Musthafa Umar,https://www.youtube.com/watch?v=_JVrtRyPskk
Ustadz Musthafa Umar,https://www.youtube.com/watch?v=DkKzkM6hhio
Ustadz Musthafa Umar,https://www.youtube.com/watch?v=cfav8qqTCV4
Ustadz Musthafa Umar,https://www.youtube.com/watch?v=F7XH6stCv74
,
Ustadz Punya Bakat,https://www.youtube.com/watch?v=yKCTzb36Gpw
,
Ustadz Ransi Al Indragiri,https://www.youtube.com/watch?v=JjrLxzGCUpU
,
Ustadz Yosi Al Muzanni,https://www.youtube.com/watch?v=K9U21f04ih4
Ustadz Yosi Al Muzanni,https://www.youtube.com/watch?v=KOcHBnLl630
Ustadz Yosi Al Muzanni,https://www.youtube.com/watch?v=a8fzZ7Vkd6A
Ustadz Yosi Al Muzanni,https://www.youtube.com/watch?v=2GKKiAEEQOo
Ustadz Yosi Al Muzanni,https://www.youtube.com/watch?v=j5S6G5uXiio
,
Ustadz Zaim Saidi,https://www.youtube.com/watch?v=aEmJtGgZ3qA
Ustadz Zaim Saidi,https://www.youtube.com/watch?v=wI_DtHg6AYQ
,
Video Clip Religi,https://www.youtube.com/watch?v=uaRKgDL9GI4
,
Video Poster,https://www.youtube.com/watch?v=IM-3BYlbWDs
Video Poster,https://www.youtube.com/watch?v=M6GnKdcJuFA
Video Poster,https://www.youtube.com/watch?v=HBkLjDnhwvE
Video Poster,https://www.youtube.com/watch?v=ugf2VKth0rQ
Video Poster,https://www.youtube.com/watch?v=5MnRr9ojcVU
Video Poster,https://www.youtube.com/watch?v=ZyNvyDH5LsA
Video Poster,https://www.youtube.com/watch?v=hJQsB7bVXpg
,
Video Poster Kreatif,https://www.youtube.com/watch?v=0pZf-QnBZI4
Video Poster Kreatif,https://www.youtube.com/watch?v=PHb0zgh26PA
Video Poster Kreatif,https://www.youtube.com/watch?v=F5XLKxVJb3I
Video Poster Kreatif,https://www.youtube.com/watch?v=03aMwoREaMI
Video Poster Kreatif,https://www.youtube.com/watch?v=hov-TUfTaMI
Video Poster Kreatif,https://www.youtube.com/watch?v=MEU7gKuJ5KA
Video Poster Kreatif,https://www.youtube.com/watch?v=8a-j9x3XkVo
Video Poster Kreatif,https://www.youtube.com/watch?v=IP-nXztGZ04
Video Poster Kreatif,https://www.youtube.com/watch?v=j_0lkcDeJfY
Video Poster Kreatif,https://www.youtube.com/watch?v=BYIfZnfY3Lw
Video Poster Kreatif,https://www.youtube.com/watch?v=K3T8MCJJKd4
Video Poster Kreatif,https://www.youtube.com/watch?v=o2iO5rlldbs
Video Poster Kreatif,https://www.youtube.com/watch?v=Mr80CFsoY6o
Video Poster Kreatif,https://www.youtube.com/watch?v=GzKSwIOIt88
Video Poster Kreatif,https://www.youtube.com/watch?v=I_W47U7LHUg
Video Poster Kreatif,https://www.youtube.com/watch?v=432huYuT1Oc
Video Poster Kreatif,https://www.youtube.com/watch?v=kWMnMKLxpuA
Video Poster Kreatif,https://www.youtube.com/watch?v=746VSC8B7o0
Video Poster Kreatif,https://www.youtube.com/watch?v=h_zV4nRK3Kw
Video Poster Kreatif,https://www.youtube.com/watch?v=gp8HcgpjND8
,
Waktu - Web Series,https://www.youtube.com/watch?v=bNSVkGVNofA
Waktu - Web Series,https://www.youtube.com/watch?v=pNOaB7Qh2vw
Waktu - Web Series,https://www.youtube.com/watch?v=v_tJDJgyuUA
Waktu - Web Series,https://www.youtube.com/watch?v=P04ZvVHy8gE
,
Kajian Islam,https://www.youtube.com/watch?v=DAWb9OvJU7w
Kajian Islam,https://www.youtube.com/watch?v=4RcTt-jxFMk
Kajian Islam,https://www.youtube.com/watch?v=oAmHNH84aOw
Kajian Islam,https://www.youtube.com/watch?v=ZkBIK4ht_go
Kajian Islam,https://www.youtube.com/watch?v=pI1llZ4W2k8
Kajian Islam,https://www.youtube.com/watch?v=vhQqZr_LGd8
Kajian Islam,https://www.youtube.com/watch?v=_ZTWb0uS-rs
Kajian Islam,https://www.youtube.com/watch?v=hPwZsWBhaQE
Kajian Islam,https://www.youtube.com/watch?v=RMSacwW6EFs
Kajian Islam,https://www.youtube.com/watch?v=SFTXXWvM0bE
Kajian Islam,https://www.youtube.com/watch?v=eGx_vUKsVIM
Kajian Islam,https://www.youtube.com/watch?v=F7tN7VmWK3U
Kajian Islam,https://www.youtube.com/watch?v=XW5Xmrb64Cw
Kajian Islam,https://www.youtube.com/watch?v=-NONt0-8tYQ
Kajian Islam,https://www.youtube.com/watch?v=noPZNtPsoRg
Kajian Islam,https://www.youtube.com/watch?v=u-qp2nF85OI
Kajian Islam,https://www.youtube.com/watch?v=44v_Nw0hpSA
Kajian Islam,https://www.youtube.com/watch?v=YGMjLXI6rZo
Kajian Islam,https://www.youtube.com/watch?v=ro8gdmYTu9c
Kajian Islam,https://www.youtube.com/watch?v=Tm3pVrWrgRg
Kajian Islam,https://www.youtube.com/watch?v=lopncBFOzqA
Kajian Islam,https://www.youtube.com/watch?v=WNVRyEYlXMM
Kajian Islam,https://www.youtube.com/watch?v=D7htSDrH5m4
Kajian Islam,https://www.youtube.com/watch?v=dMOjqlL-ibA
Kajian Islam,https://www.youtube.com/watch?v=gnRXm8_RZ4g
Kajian Islam,https://www.youtube.com/watch?v=Gr6fQ-vcjZU
Kajian Islam,https://www.youtube.com/watch?v=Nl1KJg5f6RY
Kajian Islam,https://www.youtube.com/watch?v=nfCFZPGdOkc
Kajian Islam,https://www.youtube.com/watch?v=kZYk0zJ45ks
Kajian Islam,https://www.youtube.com/watch?v=Aoyr-AnkZRw
Kajian Islam,https://www.youtube.com/watch?v=EZ7-o9V7Oiw
Kajian Islam,https://www.youtube.com/watch?v=4kKWoXdl2_s
Kajian Islam,https://www.youtube.com/watch?v=x2QHkNA2uyg
Kajian Islam,https://www.youtube.com/watch?v=8p_GGDN_j6I
Kajian Islam,https://www.youtube.com/watch?v=0kj1_zg11Ag
Kajian Islam,https://www.youtube.com/watch?v=JG9sAlzT-Q0
Kajian Islam,https://www.youtube.com/watch?v=mgz4QqMCvsw
Kajian Islam,https://www.youtube.com/watch?v=8OLuoV666s4
Kajian Islam,https://www.youtube.com/watch?v=2o-C8mJrcLk
Kajian Islam,https://www.youtube.com/watch?v=VDlQf5hmUyI
Kajian Islam,https://www.youtube.com/watch?v=x0Uf2dQQjy8
Kajian Islam,https://www.youtube.com/watch?v=2WtKPIoqi3I
Kajian Islam,https://www.youtube.com/watch?v=2owVVOFgiQY
Kajian Islam,https://www.youtube.com/watch?v=MTgVAiGyrL8
Kajian Islam,https://www.youtube.com/watch?v=or6uZY0hwJM
Kajian Islam,https://www.youtube.com/watch?v=xuyCF15Fa2U
Kajian Islam,https://www.youtube.com/watch?v=Q2OvuHjREKg
Kajian Islam,https://www.youtube.com/watch?v=FClo8ianEC4
Kajian Islam,https://www.youtube.com/watch?v=fknIEqiLilg
Kajian Islam,https://www.youtube.com/watch?v=OWZKoK91VM4
Kajian Islam,https://www.youtube.com/watch?v=cNFmWOdJSHQ
Kajian Islam,https://www.youtube.com/watch?v=OZoeyHpyDuI
Kajian Islam,https://www.youtube.com/watch?v=CmuoNMFSb5I
Kajian Islam,https://www.youtube.com/watch?v=_aji5oy8oRs
Kajian Islam,https://www.youtube.com/watch?v=s4kY2zqro-Q
Kajian Islam,https://www.youtube.com/watch?v=A_qWT5sQ8iw
Kajian Islam,https://www.youtube.com/watch?v=YS7ULhegMR4
Kajian Islam,https://www.youtube.com/watch?v=wh7CLTO9VEg
Kajian Islam,https://www.youtube.com/watch?v=-XumqFV_3e0
Kajian Islam,https://www.youtube.com/watch?v=AgBTN-c-07E
Kajian Islam,https://www.youtube.com/watch?v=EmJlNiAgT4E
Kajian Islam,https://www.youtube.com/watch?v=uE0XGha-jwI
Kajian Islam,https://www.youtube.com/watch?v=tGeAgOjOBDY
,
"Young, Bold, and",https://www.youtube.com/watch?v=Hz1X8WI1ff4
,
Tokoh Ustadz,https://www.youtube.com/watch?v=2oNPTiPTSaY
Tokoh Ustadz,https://www.youtube.com/watch?v=DoeWL9ODulI
Tokoh Ustadz,https://www.youtube.com/watch?v=aEt_GarMvKw
Tokoh Ustadz,https://www.youtube.com/watch?v=tN67o8Lqee8
Tokoh Ustadz,https://www.youtube.com/watch?v=HXCSNYEou6w
Tokoh Ustadz,https://www.youtube.com/watch?v=tFilA3qHtUI
Tokoh Ustadz,https://www.youtube.com/watch?v=zYC6_15w3Zk
Tokoh Ustadz,https://www.youtube.com/watch?v=adEbT_wlwz0
Tokoh Ustadz,https://www.youtube.com/watch?v=Q__nrjJWT_w
Tokoh Ustadz,https://www.youtube.com/watch?v=d9m42-S49NM
Tokoh Ustadz,https://www.youtube.com/watch?v=3sJhrRUDaSc
Tokoh Ustadz,https://www.youtube.com/watch?v=JCBarwbthdo
Tokoh Ustadz,https://www.youtube.com/watch?v=1nltBGHBT2M
Tokoh Ustadz,https://www.youtube.com/watch?v=0A4Y_oOyyPY
Tokoh Ustadz,https://www.youtube.com/watch?v=07Sk0qvuGTo
Tokoh Ustadz,https://www.youtube.com/watch?v=815FpUweoFY
Tokoh Ustadz,https://www.youtube.com/watch?v=tOHm52a4Hgw
Tokoh Ustadz,https://www.youtube.com/watch?v=EqCt8-waNX4
Tokoh Ustadz,https://www.youtube.com/watch?v=dwMiC1bfcwQ
Tokoh Ustadz,https://www.youtube.com/watch?v=j8asxvbwi68
Tokoh Ustadz,https://www.youtube.com/watch?v=sCmwU0X-8vk
Tokoh Ustadz,https://www.youtube.com/watch?v=Nulv3Y5C-Gc
Tokoh Ustadz,https://www.youtube.com/watch?v=_i4bfygaZHY
Tokoh Ustadz,https://www.youtube.com/watch?v=iHocjspmj5U
Tokoh Ustadz,https://www.youtube.com/watch?v=T2F0yScLlVY
Tokoh Ustadz,https://www.youtube.com/watch?v=xQ-4fJokRI0
Tokoh Ustadz,https://www.youtube.com/watch?v=-9EK-1Ser9w
Tokoh Ustadz,https://www.youtube.com/watch?v=5puw4fBAazU
Tokoh Ustadz,https://www.youtube.com/watch?v=fzXY_0BhK_w
Tokoh Ustadz,https://www.youtube.com/watch?v=IgmHA0XqLr4
Tokoh Ustadz,https://www.youtube.com/watch?v=RBtBRast4tM
Tokoh Ustadz,https://www.youtube.com/watch?v=56ZUrAXDQwQ
Tokoh Ustadz,https://www.youtube.com/watch?v=zTMrt-1Sxxc
Tokoh Ustadz,https://www.youtube.com/watch?v=xysjw9nFM0I
Tokoh Ustadz,https://www.youtube.com/watch?v=vtyyb8oTGHE
Tokoh Ustadz,https://www.youtube.com/watch?v=i36_tkronSY
Tokoh Ustadz,https://www.youtube.com/watch?v=sBnj3K1MXDg
Tokoh Ustadz,https://www.youtube.com/watch?v=YTRTxmZ4wCY
Tokoh Ustadz,https://www.youtube.com/watch?v=TRcQk01FgGk
Tokoh Ustadz,https://www.youtube.com/watch?v=QwzZezEmm1U
Tokoh Ustadz,https://www.youtube.com/watch?v=kHwVAKwuXbs
Tokoh Ustadz,https://www.youtube.com/watch?v=BXHkvfcr8wk
Tokoh Ustadz,https://www.youtube.com/watch?v=2bYqNjgm8KQ
Tokoh Ustadz,https://www.youtube.com/watch?v=QuxHCjvoXCI
Tokoh Ustadz,https://www.youtube.com/watch?v=QvGpDko3HRw
Tokoh Ustadz,https://www.youtube.com/watch?v=JQseXfxs_wQ
Tokoh Ustadz,https://www.youtube.com/watch?v=uR9V8UwESHg
Tokoh Ustadz,https://www.youtube.com/watch?v=dURdMj3jKoU
Tokoh Ustadz,https://www.youtube.com/watch?v=RXz_cLVfM4k
Tokoh Ustadz,https://www.youtube.com/watch?v=NsJ4t4xFx84
Tokoh Ustadz,https://www.youtube.com/watch?v=-7qBNPiYNy8
Tokoh Ustadz,https://www.youtube.com/watch?v=qX-tuKHioa4
Tokoh Ustadz,https://www.youtube.com/watch?v=79mEovPwVgo
Tokoh Ustadz,https://www.youtube.com/watch?v=fyh5-x_88Ww
Tokoh Ustadz,https://www.youtube.com/watch?v=69p2T_z41WE
Tokoh Ustadz,https://www.youtube.com/watch?v=D9VWI_GJrjE
Tokoh Ustadz,https://www.youtube.com/watch?v=pXUJ12M2T8k
Tokoh Ustadz,https://www.youtube.com/watch?v=cogM7nJq4CE
Tokoh Ustadz,https://www.youtube.com/watch?v=MzGc79piwj4
Tokoh Ustadz,https://www.youtube.com/watch?v=pQBhEWGu_k4
Tokoh Ustadz,https://www.youtube.com/watch?v=6baUB6NUmHQ
Tokoh Ustadz,https://www.youtube.com/watch?v=oVyrvbVYOdA
Tokoh Ustadz,https://www.youtube.com/watch?v=4MSFsTz2Nac
Tokoh Ustadz,https://www.youtube.com/watch?v=gn2bnfAvvKU
Tokoh Ustadz,https://www.youtube.com/watch?v=eSibrdOI0E8
Tokoh Ustadz,https://www.youtube.com/watch?v=5MfGN2po7cA
Tokoh Ustadz,https://www.youtube.com/watch?v=liABuyUXbaw
Tokoh Ustadz,https://www.youtube.com/watch?v=cOdSkZRPiYA
Tokoh Ustadz,https://www.youtube.com/watch?v=kNNjhqE6dic
Tokoh Ustadz,https://www.youtube.com/watch?v=GKcH4nutYY0
Tokoh Ustadz,https://www.youtube.com/watch?v=JXtJCRnCvDQ
Tokoh Ustadz,https://www.youtube.com/watch?v=GN4u8IBF4vs
Tokoh Ustadz,https://www.youtube.com/watch?v=KxnUPB_8eVk
Tokoh Ustadz,https://www.youtube.com/watch?v=-OPwGtioGqw
Tokoh Ustadz,https://www.youtube.com/watch?v=KBs9mVAGFHY
Tokoh Ustadz,https://www.youtube.com/watch?v=f0zZNK7S2uM
Tokoh Ustadz,https://www.youtube.com/watch?v=0tYza8S4O-0
Tokoh Ustadz,https://www.youtube.com/watch?v=dUNDCZLczA8
Tokoh Ustadz,https://www.youtube.com/watch?v=RQdb5htQ0Ys
Tokoh Ustadz,https://www.youtube.com/watch?v=2i40K4L9QiQ
Tokoh Ustadz,https://www.youtube.com/watch?v=_WcMsYToAH0
Tokoh Ustadz,https://www.youtube.com/watch?v=Ug8USkGX8K4
Tokoh Ustadz,https://www.youtube.com/watch?v=SAWEcJyXSzM
Tokoh Ustadz,https://www.youtube.com/watch?v=sUpmWs4kW_Q
Tokoh Ustadz,https://www.youtube.com/watch?v=sIblAq1frw8
Tokoh Ustadz,https://www.youtube.com/watch?v=7WnlDbAaTSE
Tokoh Ustadz,https://www.youtube.com/watch?v=ulogfMtbFuI
Tokoh Ustadz,https://www.youtube.com/watch?v=DFUyhH-UMqM
Tokoh Ustadz,https://www.youtube.com/watch?v=9Nkl3RW6XZA
Tokoh Ustadz,https://www.youtube.com/watch?v=3hMUCPl_vg0
Tokoh Ustadz,https://www.youtube.com/watch?v=owPrU1UjOQ0
Tokoh Ustadz,https://www.youtube.com/watch?v=mcv13B2Sl-c
Tokoh Ustadz,https://www.youtube.com/watch?v=TBzv1fldvXM
Tokoh Ustadz,https://www.youtube.com/watch?v=eZka8UeHk-A
,
Q & A,https://www.youtube.com/watch?v=bEXUY-sScQc
Q & A,https://www.youtube.com/watch?v=iax3ZpyOAMo
Q & A,https://www.youtube.com/watch?v=48XNx2_XOT4
Q & A,https://www.youtube.com/watch?v=MIyVqK4VLW0
Q & A,https://www.youtube.com/watch?v=ks4yDEj5RQQ
Q & A,https://www.youtube.com/watch?v=Z85D065u5hg
Q & A,https://www.youtube.com/watch?v=BU9dNiCWh6k
Q & A,https://www.youtube.com/watch?v=KG4zPSzg8Gw
Q & A,https://www.youtube.com/watch?v=94Ah84K3aoI
Q & A,https://www.youtube.com/watch?v=KZX8Me8tGQk
Q & A,https://www.youtube.com/watch?v=tzognD2QVEQ
Q & A,https://www.youtube.com/watch?v=bc-DK4vMgIE
Q & A,https://www.youtube.com/watch?v=XF3XTc3oon0
Q & A,https://www.youtube.com/watch?v=Fm_Fpfwjvek
Q & A,https://www.youtube.com/watch?v=gclEtGJidoo
Q & A,https://www.youtube.com/watch?v=QuAcq95uPj0
Q & A,https://www.youtube.com/watch?v=5v2vZ68U8LI
Q & A,https://www.youtube.com/watch?v=sin5GcGqh3U
Q & A,https://www.youtube.com/watch?v=R8hFOwK2jho
Q & A,https://www.youtube.com/watch?v=NXEqE-FOEds
Q & A,https://www.youtube.com/watch?v=32Xt7Ra_6eQ
Q & A,https://www.youtube.com/watch?v=U6tMuifcLV8
Q & A,https://www.youtube.com/watch?v=nxSUuBmzg3M
Q & A,https://www.youtube.com/watch?v=px9H6O0-4pU
Q & A,https://www.youtube.com/watch?v=DkFr5R0ts9I
Q & A,https://www.youtube.com/watch?v=oPDhsL8WGrI
Q & A,https://www.youtube.com/watch?v=ypr6SVbyfD8
Q & A,https://www.youtube.com/watch?v=ucLbogqwJ_I
Q & A,https://www.youtube.com/watch?v=7p1fXBQBpWw
Q & A,https://www.youtube.com/watch?v=cP05thNv7vA
Q & A,https://www.youtube.com/watch?v=Bd68N08YF64
Q & A,https://www.youtube.com/watch?v=EBEPG9hizyQ
Q & A,https://www.youtube.com/watch?v=ILArYUVHFFg
Q & A,https://www.youtube.com/watch?v=GMq8O5mpHuY
Q & A,https://www.youtube.com/watch?v=0KH20PmKacQ
Q & A,https://www.youtube.com/watch?v=XM5snBuvxgA
Q & A,https://www.youtube.com/watch?v=R2dHR8K8u_4
Q & A,https://www.youtube.com/watch?v=FKEtAdc50Kk
Q & A,https://www.youtube.com/watch?v=COmlYq4RcOk
Q & A,https://www.youtube.com/watch?v=axkmIRbjPm4
Q & A,https://www.youtube.com/watch?v=VTAYxJwD19k
Q & A,https://www.youtube.com/watch?v=D0EAxKlOq34
Q & A,https://www.youtube.com/watch?v=aytXZyf8hkI
Q & A,https://www.youtube.com/watch?v=CRs978LYXGw
Q & A,https://www.youtube.com/watch?v=_RnBSzrctS0
Q & A,https://www.youtube.com/watch?v=OzIa95JrhY8
Q & A,https://www.youtube.com/watch?v=07Q71-wGZRA
Q & A,https://www.youtube.com/watch?v=hY4-FaSpqnY
Q & A,https://www.youtube.com/watch?v=usWa2tIPEZ8
Q & A,https://www.youtube.com/watch?v=nzk-pPeNg8k
Q & A,https://www.youtube.com/watch?v=XgRSRJIzpk0
Q & A,https://www.youtube.com/watch?v=jGTSingD2-M
Q & A,https://www.youtube.com/watch?v=W01oKBrllSs
Q & A,https://www.youtube.com/watch?v=0C0__RrcFDQ
Q & A,https://www.youtube.com/watch?v=cGAldM-o628
Q & A,https://www.youtube.com/watch?v=7UGNEGevP-4
Q & A,https://www.youtube.com/watch?v=LjlV7rr9J3M
Q & A,https://www.youtube.com/watch?v=tm4HISpcf8A
Q & A,https://www.youtube.com/watch?v=YZb-nkacVUU
Q & A,https://www.youtube.com/watch?v=VBM0l-V4ydo
Q & A,https://www.youtube.com/watch?v=skoklH9qgos
Q & A,https://www.youtube.com/watch?v=7IG5khl341c
Q & A,https://www.youtube.com/watch?v=URmx32Vhd-U
Q & A,https://www.youtube.com/watch?v=lZqlX67E854
Q & A,https://www.youtube.com/watch?v=mwnls3kp7oQ
Q & A,https://www.youtube.com/watch?v=CwpceQAxLKw
Q & A,https://www.youtube.com/watch?v=FFZuQ1qAe1c
Q & A,https://www.youtube.com/watch?v=It6J4z4X6bM
Q & A,https://www.youtube.com/watch?v=dnpOqNLBEbI
Q & A,https://www.youtube.com/watch?v=YqFOdwkrkpk
Q & A,https://www.youtube.com/watch?v=LS_D8v894i4
Q & A,https://www.youtube.com/watch?v=5N2Sjzbgtzc
Q & A,https://www.youtube.com/watch?v=yS5Cs4F3CGI
,
UNTIL P4LEST1N4 AND,https://www.youtube.com/watch?v=6wxCj1YN8Jw
,
Pebanyak Ibadah atau,https://www.youtube.com/watch?v=ys07nlVNfyM
,
Web Series & Film,https://www.youtube.com/watch?v=UPuolvvVd6M
Web Series & Film,https://www.youtube.com/watch?v=XlboHHZmSn8
Web Series & Film,https://www.youtube.com/watch?v=RDB4YcIdRUc
Web Series & Film,https://www.youtube.com/watch?v=u6krT9-Nziw
Web Series & Film,https://www.youtube.com/watch?v=id6IlrJX9H4
Web Series & Film,https://www.youtube.com/watch?v=YLFY12P_Nvg
Web Series & Film,https://www.youtube.com/watch?v=k02KrAPzcSA
Web Series & Film,https://www.youtube.com/watch?v=SxKQ-D5KLKI
Web Series & Film,https://www.youtube.com/watch?v=IwHh7JWXBk4
Web Series & Film,https://www.youtube.com/watch?v=RDOoq_6T-UY
Web Series & Film,https://www.youtube.com/watch?v=bPQgLfkYPt8
Web Series & Film,https://www.youtube.com/watch?v=Zkc-K3UwREs
Web Series & Film,https://www.youtube.com/watch?v=c5HicyCkpEA
Web Series & Film,https://www.youtube.com/watch?v=8bVkQb_0us8
Web Series & Film,https://www.youtube.com/watch?v=uY4iYlbJ7Ts
Web Series & Film,https://www.youtube.com/watch?v=7C5fE-0Ffyo
Web Series & Film,https://www.youtube.com/watch?v=_XE9fscYVag
Web Series & Film,https://www.youtube.com/watch?v=kU8qbh7oOzs
Web Series & Film,https://www.youtube.com/watch?v=YkUn3WNUrso
Web Series & Film,https://www.youtube.com/watch?v=xaLnVvRVnDk
Web Series & Film,https://www.youtube.com/watch?v=7tLuqctupqc
Web Series & Film,https://www.youtube.com/watch?v=wkj-_1cJqSA
Web Series & Film,https://www.youtube.com/watch?v=G9YraTZw5HI
Web Series & Film,https://www.youtube.com/watch?v=fh3EkTEzXwk
Web Series & Film,https://www.youtube.com/watch?v=f_u-4-LLNjU
Web Series & Film,https://www.youtube.com/watch?v=KqR24WYRalM
Web Series & Film,https://www.youtube.com/watch?v=B1ZfCmvrozg
Web Series & Film,https://www.youtube.com/watch?v=xPdRk11xy_4
Web Series & Film,https://www.youtube.com/watch?v=jqsSewhsCHA
Web Series & Film,https://www.youtube.com/watch?v=wzTblylN7Xw
Web Series & Film,https://www.youtube.com/watch?v=TsIu01ukMgc
Web Series & Film,https://www.youtube.com/watch?v=x2AgFzBmb5w
Web Series & Film,https://www.youtube.com/watch?v=XgZl-ZFHwJk
Web Series & Film,https://www.youtube.com/watch?v=D0cvaGm0vMI
Web Series & Film,https://www.youtube.com/watch?v=Do-jdqUAT-0
Web Series & Film,https://www.youtube.com/watch?v=ZMVYWa5tfxc
Web Series & Film,https://www.youtube.com/watch?v=Yr7A4qtcJKg
Web Series & Film,https://www.youtube.com/watch?v=ZVI8S2I36yM
Web Series & Film,https://www.youtube.com/watch?v=VuWxiwBXpv8
Web Series & Film,https://www.youtube.com/watch?v=0qou_S0T2WU
Web Series & Film,https://www.youtube.com/watch?v=y4PiqznARMY
Web Series & Film,https://www.youtube.com/watch?v=Vmx8F4ORiGw
Web Series & Film,https://www.youtube.com/watch?v=yV_X8AW8wB0
Web Series & Film,https://www.youtube.com/watch?v=Rf_rcMfmE-g
Web Series & Film,https://www.youtube.com/watch?v=Ph6h4-rlawE
Web Series & Film,https://www.youtube.com/watch?v=M7MVxLmJPgQ
Web Series & Film,https://www.youtube.com/watch?v=KIKMYB_kUqY
Web Series & Film,https://www.youtube.com/watch?v=2NvbtcMwuig
Web Series & Film,https://www.youtube.com/watch?v=VONKY9D12RE
Web Series & Film,https://www.youtube.com/watch?v=Q-cgOFO5pFk
Web Series & Film,https://www.youtube.com/watch?v=Y6W7cyZjdnA
Web Series & Film,https://www.youtube.com/watch?v=y_zGuV-cjCc
Web Series & Film,https://www.youtube.com/watch?v=frEvoKuMR2o
Web Series & Film,https://www.youtube.com/watch?v=EPUS24qo1pI
Web Series & Film,https://www.youtube.com/watch?v=xzWAF0MR4cA
Web Series & Film,https://www.youtube.com/watch?v=ls_nBvKVuWg
Web Series & Film,https://www.youtube.com/watch?v=LoXKjm9xl7o
Web Series & Film,https://www.youtube.com/watch?v=28OFdBHOwHU
Web Series & Film,https://www.youtube.com/watch?v=MbTzJiEjvks
Web Series & Film,https://www.youtube.com/watch?v=JTrlj9U18UA
Web Series & Film,https://www.youtube.com/watch?v=M8fLvB_q-W8
Web Series & Film,https://www.youtube.com/watch?v=eEBsY7S1tLs
Web Series & Film,https://www.youtube.com/watch?v=ookI-RccE_o
Web Series & Film,https://www.youtube.com/watch?v=6_moIaJZg2g
Web Series & Film,https://www.youtube.com/watch?v=PHuzHITzwno
Web Series & Film,https://www.youtube.com/watch?v=XmxKhpVZQb0
Web Series & Film,https://www.youtube.com/watch?v=XxobP1p9udk
Web Series & Film,https://www.youtube.com/watch?v=FclrjvAtYuA
Web Series & Film,https://www.youtube.com/watch?v=853tozQ94eU
Web Series & Film,https://www.youtube.com/watch?v=rSuSf_WwTI8
Web Series & Film,https://www.youtube.com/watch?v=ZwpUXhziZVA
Web Series & Film,https://www.youtube.com/watch?v=GYJB9yqZntI
Web Series & Film,https://www.youtube.com/watch?v=4zSuqRScrU8
Web Series & Film,https://www.youtube.com/watch?v=xZ7kF0E0MNU
Web Series & Film,https://www.youtube.com/watch?v=f5dKYxwkZuA
Web Series & Film,https://www.youtube.com/watch?v=wH6qdEkh5Dc
Web Series & Film,https://www.youtube.com/watch?v=fHloTK4wUzM
Web Series & Film,https://www.youtube.com/watch?v=3n6MN1HGaGE
Web Series & Film,https://www.youtube.com/watch?v=9hveD3hmV6I
Web Series & Film,https://www.youtube.com/watch?v=eDcIm6SXDxU
Web Series & Film,https://www.youtube.com/watch?v=7NcIf7UsESI
Web Series & Film,https://www.youtube.com/watch?v=6y7S6ZZ7_lQ
Web Series & Film,https://www.youtube.com/watch?v=ZzmPheorXm0
Web Series & Film,https://www.youtube.com/watch?v=gZeVAEK0Cls
Web Series & Film,https://www.youtube.com/watch?v=M4lFoHMUQJw
Web Series & Film,https://www.youtube.com/watch?v=mqBq4U9tLX4
Web Series & Film,https://www.youtube.com/watch?v=XZY4sby84X8
Web Series & Film,https://www.youtube.com/watch?v=eijOv5rL5F0
Web Series & Film,https://www.youtube.com/watch?v=t5CrLT7INro
Web Series & Film,https://www.youtube.com/watch?v=AyGepaGNq_Y
,
On The Way Talk,https://www.youtube.com/watch?v=rAwCgNCxjc0
,
Ramadhan,https://www.youtube.com/watch?v=FIT2P2cuLJ0
Ramadhan,https://www.youtube.com/watch?v=LX45BKNANKw
Ramadhan,https://www.youtube.com/watch?v=eBHws14e5j8
Ramadhan,https://www.youtube.com/watch?v=3Xhx0d1Jrn0
Ramadhan,https://www.youtube.com/watch?v=5yg5b6WzVO0
,
"I Walk, You",https://www.youtube.com/watch?v=zmK3FV9prXE
,
Kesehatan,https://www.youtube.com/watch?v=YLDRo9bYDVE
Kesehatan,https://www.youtube.com/watch?v=HJh6kZ-i--E
,
Dakwah & Motivasi,https://www.youtube.com/watch?v=hLkw1pa9lAQ
Dakwah & Motivasi,https://www.youtube.com/watch?v=6OIa6paZDu8
Dakwah & Motivasi,https://www.youtube.com/watch?v=5El4MR7S4-E
Dakwah & Motivasi,https://www.youtube.com/watch?v=ACF4ekCuE7g
Dakwah & Motivasi,https://www.youtube.com/watch?v=Ncs8lUCQQvA
Dakwah & Motivasi,https://www.youtube.com/watch?v=r3iAEpuFZjI
Dakwah & Motivasi,https://www.youtube.com/watch?v=YfQKbbyhQAs
Dakwah & Motivasi,https://www.youtube.com/watch?v=fcbQpB8HgK0
Dakwah & Motivasi,https://www.youtube.com/watch?v=1Bwngt6qdS0
Dakwah & Motivasi,https://www.youtube.com/watch?v=Q2T6IAMHDFg
Dakwah & Motivasi,https://www.youtube.com/watch?v=KcIFVD-6eCQ
Dakwah & Motivasi,https://www.youtube.com/watch?v=w3drAF5hE_4
Dakwah & Motivasi,https://www.youtube.com/watch?v=ZJVLY5A-nT8
Dakwah & Motivasi,https://www.youtube.com/watch?v=JDMrPmlUm8g
Dakwah & Motivasi,https://www.youtube.com/watch?v=mdSRI7Zki1k
Dakwah & Motivasi,https://www.youtube.com/watch?v=9FOUlp8Kwto
Dakwah & Motivasi,https://www.youtube.com/watch?v=03Zlmkm_iBs
Dakwah & Motivasi,https://www.youtube.com/watch?v=Z6Tv8k4N3C0
Dakwah & Motivasi,https://www.youtube.com/watch?v=StYl2Ze1CNQ
Dakwah & Motivasi,https://www.youtube.com/watch?v=U7oIG3ajPek
Dakwah & Motivasi,https://www.youtube.com/watch?v=cJXZhqKCjHY
Dakwah & Motivasi,https://www.youtube.com/watch?v=xMFqDnv6Jh0
Dakwah & Motivasi,https://www.youtube.com/watch?v=kdO8GdtVOtc
Dakwah & Motivasi,https://www.youtube.com/watch?v=3l7U-JowsLc
Dakwah & Motivasi,https://www.youtube.com/watch?v=IfY-ByQvrtk
Dakwah & Motivasi,https://www.youtube.com/watch?v=1hy3GZcBXoQ
Dakwah & Motivasi,https://www.youtube.com/watch?v=1hTjSVu6mpY
Dakwah & Motivasi,https://www.youtube.com/watch?v=frrxM3qbspE
Dakwah & Motivasi,https://www.youtube.com/watch?v=saCM66EwQyI
Dakwah & Motivasi,https://www.youtube.com/watch?v=6gQCsqHyOSc
Dakwah & Motivasi,https://www.youtube.com/watch?v=-FLG5CcTh1E
Dakwah & Motivasi,https://www.youtube.com/watch?v=jfXVDvA9ze4
Dakwah & Motivasi,https://www.youtube.com/watch?v=UhU0qecFH2M
Dakwah & Motivasi,https://www.youtube.com/watch?v=96tAnUHJ5yE
Dakwah & Motivasi,https://www.youtube.com/watch?v=AD9FsYWa-OE
Dakwah & Motivasi,https://www.youtube.com/watch?v=dzlLH9-cOH4
Dakwah & Motivasi,https://www.youtube.com/watch?v=YQcsXU6T5Mw
Dakwah & Motivasi,https://www.youtube.com/watch?v=AZJAgph6E2s
Dakwah & Motivasi,https://www.youtube.com/watch?v=Kuuh3j_d7Ew
Dakwah & Motivasi,https://www.youtube.com/watch?v=nOeRSPS1SUM
Dakwah & Motivasi,https://www.youtube.com/watch?v=javglJAN80o
Dakwah & Motivasi,https://www.youtube.com/watch?v=uut1O-TlTXU
Dakwah & Motivasi,https://www.youtube.com/watch?v=N2sn7sJLrdw
,
WOW! BERTEMAN DENGAN,https://www.youtube.com/watch?v=5JgL4P1SLeU
,
Senggol donk businessman,https://www.youtube.com/watch?v=JHrC0XreKeg
,
BUMI BULAT ATAU,https://www.youtube.com/watch?v=7dLtI5scDu4
,
"Mbadut Boleh, Nikung",https://www.youtube.com/watch?v=mWa7TqYNryE
,
LUPAKAN MANTANMU!,https://www.youtube.com/watch?v=Wmi4pkqLAvk
,
Sosial & Kemanusiaan,https://www.youtube.com/watch?v=0mgkwI3WqBE
Sosial & Kemanusiaan,https://www.youtube.com/watch?v=xCmGCwWqzM4
Sosial & Kemanusiaan,https://www.youtube.com/watch?v=EWzDyQ0g62Q
Sosial & Kemanusiaan,https://www.youtube.com/watch?v=LkeNhr5SmnU
Sosial & Kemanusiaan,https://www.youtube.com/watch?v=JzrLd_V7Ik8
,
"HEY, IKHWAN GENIT!",https://www.youtube.com/watch?v=qFf_caFWAco
,
Keluarga & Pernikahan,https://www.youtube.com/watch?v=AMcm57hZgDY
Keluarga & Pernikahan,https://www.youtube.com/watch?v=SDiyUcD9Uc8
Keluarga & Pernikahan,https://www.youtube.com/watch?v=reBiP833ank
Keluarga & Pernikahan,https://www.youtube.com/watch?v=S6btIjhdNLk
Keluarga & Pernikahan,https://www.youtube.com/watch?v=PZiga90HnjA
Keluarga & Pernikahan,https://www.youtube.com/watch?v=4BIzSAY7QGs
Keluarga & Pernikahan,https://www.youtube.com/watch?v=TWMrIysMlck
Keluarga & Pernikahan,https://www.youtube.com/watch?v=Z3nRrxvAJKw
Keluarga & Pernikahan,https://www.youtube.com/watch?v=m5M_yae4G3U
Keluarga & Pernikahan,https://www.youtube.com/watch?v=lIW0JBov5QU
,
APAKAH ISLAM AROGAN?,https://www.youtube.com/watch?v=7RxZc3aaMis
,
BUKAN SALAH JODOH,https://www.youtube.com/watch?v=KMBOeruSeJ8
,
IKATAN CINTA -,https://www.youtube.com/watch?v=FW-2CF5INwY
,
ILMU YANG SANGAT,https://www.youtube.com/watch?v=tN9EusSsygo
,
INI CERITA TAHUN,https://www.youtube.com/watch?v=wT84puofB-s
,
Kisah 3 Orang,https://www.youtube.com/watch?v=m5Kj8Jc_31k
,
"Recharging Your Faith,",https://www.youtube.com/watch?v=R9QLMIhzcWQ
,
PARAH! Ini Terjadi,https://www.youtube.com/watch?v=JH6HZB1r6Po
,
Getting Married but,https://www.youtube.com/watch?v=2Uh7W3jC6Zw
,
"Hii.. Sholat Sendiri,",https://www.youtube.com/watch?v=keyctJK1dUE
,
Bisnis & Wirausaha,https://www.youtube.com/watch?v=KhVIxMJLo_4
Bisnis & Wirausaha,https://www.youtube.com/watch?v=-WctPgvWpvQ
Bisnis & Wirausaha,https://www.youtube.com/watch?v=3C4EmWCuwFY
Bisnis & Wirausaha,https://www.youtube.com/watch?v=7VfDb9BEoZg
Bisnis & Wirausaha,https://www.youtube.com/watch?v=10_Ao1a_Weo
,
Ciee.. Ada 3,https://www.youtube.com/watch?v=YNkiiRV9ARs
,
Ada Story di,https://www.youtube.com/watch?v=mi7-Xzt2ojE
,
Dari Kata Menjadi,https://www.youtube.com/watch?v=A08xyOxjrAE
Dari Kata Menjadi,https://www.youtube.com/watch?v=YNPxuYsOh84
,
AKSI PARKOUR AKTIVIS,https://www.youtube.com/watch?v=4mvFlN6YyVc
,
HAH ? MUSLIM,https://www.youtube.com/watch?v=ZBTaNqdLv3I
,
Video Kreatif & Poster,https://www.youtube.com/watch?v=C5X4zoZC7K4
Video Kreatif & Poster,https://www.youtube.com/watch?v=aXOZTkNJ5Ak
,
Dewa Eka Prayoga,https://www.youtube.com/watch?v=y9LvjrjIUzA
Dewa Eka Prayoga,https://www.youtube.com/watch?v=fwTqClTCu14
Dewa Eka Prayoga,https://www.youtube.com/watch?v=QA1-U6iKdfI
,
KEBAKARAN ATAU DIBAKAR,https://www.youtube.com/watch?v=GXVvhKa48q4
,
HANDY BONNY BOOSTER,https://www.youtube.com/watch?v=e8849NHWIFc
,
KH. Muhammad Idris,https://www.youtube.com/watch?v=j42Br4NMGSw
,
"Asatidz Ngumpul, Ngapain",https://www.youtube.com/watch?v=vViuztmx--A
,
Baraa Masoud -,https://www.youtube.com/watch?v=vxD1hHrpWYY
,
Profil TD karya,https://www.youtube.com/watch?v=geRge_3KJhk
,
Shifrun - Merasalah,https://www.youtube.com/watch?v=Z9-z6Gcax-g
,
Syeikh Yusuf Awwad,https://www.youtube.com/watch?v=UH-_pTFYMe4
,
"K.H. Tengku Zulkarnain,",https://www.youtube.com/watch?v=4Huipwv6AQw
,
Is this election,https://www.youtube.com/watch?v=VRT48KgTY2M
,
The Mystery Behind,https://www.youtube.com/watch?v=qleqmVH3-l4
,
Podcast & Talkshow,https://www.youtube.com/watch?v=ZrgQ1_9utxs
,
MENANTI DIPONEGORO GENERASI,https://www.youtube.com/watch?v=kVw5mvWmpkA
,
RENDANG SAPI KURMA,https://www.youtube.com/watch?v=tVyJ-GmqlM8
,
"DEMO BAKAR KOPI,",https://www.youtube.com/watch?v=f3w9sRfdO38
,
Delle Challenge Kekinian,https://www.youtube.com/watch?v=dEHeGWireBs
,
Kajian 1 Menit,https://www.youtube.com/watch?v=T2YyKS4hsAc
Kajian 1 Menit,https://www.youtube.com/watch?v=ny-QnuJZN6Y
Kajian 1 Menit,https://www.youtube.com/watch?v=h_bfe0TB6II
Kajian 1 Menit,https://www.youtube.com/watch?v=wuzlqCBw3QE
Kajian 1 Menit,https://www.youtube.com/watch?v=Q0-ggFK4DDE
Kajian 1 Menit,https://www.youtube.com/watch?v=rxXTE7Fddl0
Kajian 1 Menit,https://www.youtube.com/watch?v=DiENmAQFbQU
Kajian 1 Menit,https://www.youtube.com/watch?v=g152NOUypQc
,
Majelis Arqam bin,https://www.youtube.com/watch?v=qst8WrlkrQ0
,
Membongkar Fakta Sejarah,https://www.youtube.com/watch?v=DodZVGpZbdo
,
Forum Umat Islam,https://www.youtube.com/watch?v=XnXEDrephVk
,
PARAH! Beginilah Kondisi,https://www.youtube.com/watch?v=yX-tbvSPpKQ
,
Bang Berry El,https://www.youtube.com/watch?v=CQT1N5hdX2E
,
Pernyataan Sikap Umat,https://www.youtube.com/watch?v=NjIQH3kUexs
,
Duaarr! Jogja mendadak,https://www.youtube.com/watch?v=AEGQ47uv0rU
,
AMIDA2,https://www.youtube.com/watch?v=u5erwr5hTn0
,
pak herry z,https://www.youtube.com/watch?v=bXlElDHwF1k
,
ayash segar,https://www.youtube.com/watch?v=CK5Tz5h5ARI
,
WAKAF AL QURAN,https://www.youtube.com/watch?v=CnbKksH4E8Y
,
Andhika Dwi Jatmiko,https://www.youtube.com/watch?v=DNQM-pOJ2Vg